Time(s),Cart Position(m),Cart Velocity(m/s),Hook Angle(deg),Hook Angle Rate(deg/s),Payload Angle(deg),Payload Angle Rate(deg/s),Force(N),Cart Acceleration(m/s^2)
9.203,0,0,0.000511327,0.00670362,0.00214757,0.00532156,0,0,-0.583116,0.48206
9.225,3.61111e-08,2.97164e-08,0.000460194,0.00578445,0.00204531,0.00537127,42.6537,6.26929e-06,-0.7652,2.11689
9.241,8.05556e-08,8.554e-08,0.000715858,0.00526789,0.00230097,0.00893823,43.5332,5.07234e-06,-0.628509,1.01584
9.246,1.25e-07,1.8191e-07,0.000920388,0.00381372,0.00199417,0.00805896,44.4126,3.39266e-06,-1.29398,0.844787
9.254,1.75e-07,3.43211e-07,0.000920388,0.00331613,0.00194304,0.00675224,45.2921,9.23676e-06,-0.289686,1.64819
9.263,2.27778e-07,4.79467e-07,0.00168738,0.00591148,0.00184078,0.00656205,46.1715,9.23676e-06,-0.215679,1.39777
9.273,2.83333e-07,6.06514e-07,0.00153398,0.00638194,0.00148285,0.00480455,46.8311,9.92074e-06,-0.512084,1.40532
9.303,3.47222e-07,6.73566e-07,0.00214757,0.00557105,0.00132945,0.00342651,47.7106,1.06923e-05,-1.29968,1.45847
9.313,4.13889e-07,7.47324e-07,0.00240324,0.00543418,0.00117605,0.00386239,48.5901,1.0538e-05,-1.02051,1.74406
9.323,4.86111e-07,9.02154e-07,0.00245437,0.00571825,0.00199417,0.00598309,49.4695,1.23899e-05,-1.19095,1.81293
9.343,5.63889e-07,1.01431e-06,0.0025055,0.0055774,0.00163625,0.00610961,50.349,1.29386e-05,-1.16365,1.46824
9.353,6.44444e-07,1.13216e-06,0.00260777,0.00584253,0.00173851,0.00545534,51.2284,1.29386e-05,-1.12301,1.77176
9.363,7.27778e-07,1.31382e-06,0.00173851,0.00533121,0.00194304,0.00688989,51.888,1.35559e-05,-1.60025,1.43634
9.373,8.16667e-07,1.50522e-06,0.00143172,0.00307322,0.00184078,0.00606177,52.7675,1.54077e-05,-1.41172,1.12569
9.383,9.05556e-07,1.70272e-06,0.00076699,0.00085747,0.00122718,0.00298824,53.6469,1.41731e-05,-1.51518,1.02744
9.393,9.97222e-07,1.90144e-06,0.00112492,0.000229311,0.00178964,0.00101334,54.5264,1.54077e-05,-0.93115,1.61449
9.403,1.09444e-06,2.11113e-06,0.00153398,0.00170036,0.00168738,0.00123557,55.4059,1.72596e-05,-1.20156,1.43411
9.413,1.19722e-06,2.33423e-06,0.00178964,0.00236131,0.00112492,0.000848457,56.0654,1.84941e-05,-1.23239,1.35474
9.423,1.30556e-06,2.56953e-06,0.00153398,0.00237662,0.000357929,-0.00136997,56.9449,1.97287e-05,-1.35585,0.966878
9.433,1.41944e-06,2.81701e-06,0.00153398,0.00190488,0.00107379,-0.00194278,57.8244,2.09633e-05,-1.28647,2.01129
9.443,1.53611e-06,3.07303e-06,0.00189191,0.00339592,0.000920388,-0.000408704,58.7038,2.09633e-05,-0.808658,1.18001
9.453,1.65833e-06,3.33758e-06,0.00219871,0.00538157,0.000869256,-0.00186172,59.5833,2.28151e-05,-1.39314,1.28194
9.463,1.78889e-06,3.6192e-06,0.00240324,0.0054087,0.00122718,-0.00209847,60.4627,2.52842e-05,-1.23761,1.62554
9.473,1.92778e-06,3.92033e-06,0.00245437,0.0059944,0.000869256,-0.00202536,61.1223,2.71361e-05,-1.17788,1.23638
9.483,2.075e-06,4.23974e-06,0.00276117,0.00685473,0.000715858,-0.00297767,62.0018,2.8988e-05,-1.18701,1.42531
9.493,2.23056e-06,4.57744e-06,0.00322136,0.00772156,0.000511327,-0.00453446,62.8812,3.08398e-05,-1.19286,1.08219
9.503,2.4e-06,4.94074e-06,0.00317023,0.00814473,0.000971521,-0.00460055,63.7607,3.51608e-05,-1.4199,1.51055
9.513,2.58056e-06,5.33331e-06,0.00301683,0.00703685,0.000409062,-0.00418392,64.6402,3.70126e-05,-1.49313,0.883067
9.541,2.80556e-06,5.57521e-06,0.00327249,0.00609992,0.000306796,-0.00433343,65.2998,4.18004e-05,-0.110812,0.623915
9.548,3.04444e-06,5.87895e-06,0.00332362,0.00607151,0.00056246,-0.00471895,66.1792,4.05911e-05,-0.704229,0.528839
9.571,3.33333e-06,6.27639e-06,0.00337476,0.00503939,0.000460194,-0.00408453,67.0587,4.90959e-05,-0.20679,0.934113
9.578,3.60278e-06,6.69658e-06,0.00342589,0.00547496,0.00076699,-0.00358267,67.9381,4.03167e-05,-0.399958,0.334408
9.593,3.90833e-06,7.26958e-06,0.00317023,0.00499721,0.00138058,-0.00345742,68.8176,5.71517e-05,-0.512647,0.394697
9.603,4.25e-06,7.85671e-06,0.00306796,0.00447831,0.00102265,-0.00375475,69.697,6.22875e-05,-0.416543,0.116384
9.613,4.62222e-06,8.66256e-06,0.00301683,0.00426525,0.00107379,-0.00402461,70.3566,6.78431e-05,-0.464835,0.568056
9.623,5.03889e-06,9.55131e-06,0.00317023,0.00471977,0.00117605,-0.0023486,71.2361,8.08061e-05,-0.0784992,0.0680916
9.633,5.50556e-06,1.0551e-05,0.00327249,0.00614012,0.00178964,-0.00135435,72.1156,9.31517e-05,-0.36257,0.408976
9.643,6.03056e-06,1.16738e-05,0.00291456,0.00628216,0.00184078,-0.000161255,72.995,0.000107967,-0.419384,0.045366
9.653,6.63333e-06,1.29539e-05,0.00327249,0.00690711,0.00209644,-0.00104187,73.8745,0.000129571,-0.158039,-0.0568994
9.663,7.34167e-06,1.44498e-05,0.00357929,0.00775932,0.00127832,-0.00331444,74.5341,0.000159201,-0.442109,-0.170528
9.673,8.19722e-06,1.62444e-05,0.00363042,0.00835587,0.00153398,-0.00393939,75.4135,0.000201176,-0.169402,0.533967
9.683,9.28889e-06,1.84973e-05,0.00383495,0.00909445,0.00138058,-0.0031724,76.293,0.000273399,-0.464835,-0.0568994
9.693,1.07694e-05,2.15086e-05,0.00475534,0.00994666,0.00127832,-0.00501886,77.1724,0.000393769,-0.0671364,-0.113714
9.703,1.2875e-05,2.57512e-05,0.0051644,0.0114806,0.00122718,-0.00555859,78.0519,0.000585127,-0.396658,0.443065
9.713,1.5925e-05,3.18895e-05,0.00506214,0.0116227,0.00209644,-0.00209293,78.9314,0.000865991,-0.396658,0.761224
9.723,2.0275e-05,4.07088e-05,0.00470421,0.0109693,0.00219871,0.000719364,79.5909,0.00123389,-0.533012,-0.0796251
9.733,2.62778e-05,5.29716e-05,0.00424401,0.00966259,0.0025055,0.000953722,80.4704,0.0016733,-0.499456,0.217229
9.743,3.42778e-05,6.94436e-05,0.00398835,0.00848893,0.0029657,0.00199581,81.3499,0.00219487,-0.426747,0.199036
9.753,4.45917e-05,9.0826e-05,0.00403948,0.00764619,0.00332362,0.00321596,82.2293,0.00278112,-0.253393,0.418382
9.763,5.75278e-05,0.000117766,0.00383495,0.00722664,0.00327249,0.00460791,82.8889,0.00342651,-0.246938,-0.305477
9.773,7.33778e-05,0.000151005,0.00378382,0.00540191,0.00368155,0.00510587,83.7684,0.00413885,-0.656668,0.100046
9.783,9.24083e-05,0.000191126,0.00357929,0.00401295,0.00342589,0.00616739,84.6478,0.00490422,-0.116824,-0.184339
9.793,0.000114828,0.000238679,0.00342589,0.00327437,0.00317023,0.00548562,85.5273,0.00570283,-0.196364,-0.0735518
9.803,0.000140783,0.000293946,0.00378382,0.00296189,0.00311909,0.00527257,86.1869,0.0065215,0.10191,0.0287136
9.813,0.000170372,0.000357085,0.00327249,0.00262101,0.00347702,0.00473284,87.0663,0.00734866,-0.386691,-0.26672
9.823,0.000203742,0.000428477,0.00332362,0.00163623,0.00368155,0.00513054,87.9458,0.00822095,0.0362584,-0.09754
9.833,0.000241025,0.000508399,0.00337476,0.00193924,0.00342589,0.00543354,88.6054,0.00912034,-0.0988329,-0.475038
9.843,0.000282325,0.00059704,0.00347702,0.00347322,0.00327249,0.00392797,89.4849,0.0100352,0.367043,-0.270507
9.853,0.000327619,0.000694501,0.00291456,0.00469472,0.00368155,0.00438248,90.1444,0.010916,-0.405629,0.115829
9.863,0.000377008,0.000800844,0.0025055,0.00415499,0.00342589,0.00603009,91.0239,0.0118493,0.0943351,-0.145516
9.873,0.000430578,0.000916328,0.00219871,0.00361525,0.00311909,0.00489381,91.6835,0.0127963,-0.428355,-0.656843
9.883,0.000488439,0.00104116,0.00209644,0.00151313,0.00276117,0.0028201,92.563,0.0137728,-0.155647,-0.111428
9.893,0.000550628,0.00117549,0.00224984,0.000859769,0.00194304,0.0024508,93.2225,0.0147413,-0.00793031,-0.247782
9.903,0.000617272,0.00131949,0.0023521,0.00156994,0.00245437,0.00429726,94.102,0.0157586,0.105698,0.433988
9.913,0.000688525,0.00147351,0.0025055,0.00247897,0.00271003,0.00580284,94.7616,0.0168154,-0.0874701,-0.679569
9.923,0.000764517,0.00163788,0.00219871,0.00142791,0.00240324,0.00407001,95.4212,0.0178975,-0.405629,-0.156879
9.933,0.000845389,0.00181288,0.00219871,-0.000276513,0.00163625,0.00287691,96.3007,0.0190117,-0.0647444,-0.475038
9.943,0.000931289,0.00199883,0.00184078,-0.00135598,0.00148285,0.000916823,96.9602,0.0201592,-0.257912,-0.259145
9.963,0.00102783,0.00213501,0.00132945,-0.00257748,0.00148285,0.00100204,97.6198,0.0217623,-0.207411,0.119616
9.973,0.00112997,0.00228395,0.000869256,-0.00400731,0.00158511,0.00222355,98.2794,0.0218164,-0.329877,-0.125316
9.983,0.00123796,0.00251792,0.00168738,-0.0043766,0.000971521,0.00176904,99.1589,0.0231683,0.215538,-0.398023
9.993,0.00135194,0.00276498,0.00153398,-0.00352439,0.000971521,0.00017824,99.8185,0.0245275,-0.238974,-0.273032
10.003,0.00147204,0.00302541,0.00158511,-0.00355279,0.00122718,0.00100204,100.478,0.0259164,-0.000355101,0.306471
10.013,0.00159834,0.00329957,0.00143172,-0.00374267,0.00153398,0.00265713,101.138,0.0272999,-0.193366,0.152774
10.023,0.00173081,0.00358726,0.00138058,-0.00445285,0.00122718,0.00219044,101.577,0.0286746,-0.0430982,-0.149848
10.033,0.00186947,0.00388843,0.00138058,-0.00447179,0.00112492,0.00112991,102.237,0.0300426,-0.0632987,0.183462
10.043,0.00201433,0.00420318,0.00132945,-0.00462329,0.000613592,0.000145134,102.897,0.0314292,-0.0973872,-0.159948
10.053,0.00216542,0.0045314,0.00102265,-0.00488412,-1.15648e-19,-0.00311909,103.556,0.0328025,-0.0869635,-0.15206
10.063,0.00232272,0.00487328,0.000869256,-0.00512274,0.000460194,-0.00329522,104.216,0.034177,-0.0492389,0.667881
10.073,0.00248626,0.0052286,0.00112492,-0.00466823,0.000306796,-0.00159079,104.656,0.035564,0.109841,-0.241144
10.083,0.00265603,0.00559754,0.00117605,-0.00429893,-0.000102265,-0.0032384,105.315,0.0369331,-0.151504,-0.150242
10.113,0.00285087,0.00580069,0.00117605,-0.00478185,0.000153398,-0.00448831,105.755,0.0393598,-0.0776459,-0.278073
10.123,0.0030519,0.00602292,0.00132945,-0.0041569,-5.11327e-05,-0.00538314,106.414,0.0386401,0.135407,-0.00252507
10.133,0.00325908,0.0064736,0.000869256,-0.00461141,-0.000306796,-0.0064626,107.074,0.0399777,-0.591814,-0.138879
10.143,0.00347244,0.00693759,0.000511327,-0.0073669,-0.000971521,-0.00691712,107.514,0.0413277,-0.228203,0.213369
10.153,0.00369197,0.00741484,0.000153398,-0.00870203,-0.000920388,-0.00671827,107.953,0.042653,-0.148664,-0.0934276
10.163,0.0039177,0.0079052,-0.000255663,-0.0100372,-0.000920388,-0.00688871,108.613,0.0439685,-0.29638,0.145192
10.173,0.00414976,0.0084086,-0.000255663,-0.0123665,-0.000664725,-0.00592287,109.053,0.045279,-0.387283,0.156554
10.183,0.00438836,0.00892499,-0.000255663,-0.0142414,-0.000357929,-0.004815,109.493,0.046595,-0.0918495,0.111103
10.193,0.00463374,0.00945426,0.000255663,-0.0133892,-5.11327e-05,-0.00535473,109.932,0.0478678,0.249035,-0.297958
10.203,0.00488608,0.00999604,0.000306796,-0.0114575,-5.11327e-05,-0.00666145,110.152,0.0490864,-0.0691238,0.111103
10.213,0.00514566,0.0105501,0.000102265,-0.0106905,-0.00056246,-0.00788296,110.592,0.0503135,-0.0918495,-0.309321
10.223,0.00541277,0.0111163,-0.000204531,-0.0105769,-0.000869256,-0.010468,111.032,0.051532,-0.194115,-0.127516
10.233,0.00568757,0.0116944,-0.000204531,-0.0108894,-0.00117605,-0.0123997,111.471,0.0526919,-0.125938,-0.0934276
10.243,0.00597018,0.012284,-0.00056246,-0.0112018,-0.00163625,-0.0137632,111.691,0.0538006,-0.171389,-0.00252507
10.253,0.00626062,0.0128845,-0.000818123,-0.01177,-0.00148285,-0.0145018,112.131,0.0548351,-0.171389,0.00883775
10.263,0.00655887,0.0134953,-0.00107379,-0.0121109,-0.00143172,-0.0141893,112.351,0.0557987,-0.0918495,0.224731
10.273,0.00686486,0.0141158,-0.000971521,-0.0116564,-0.00143172,-0.0131099,112.79,0.0567024,0.0104159,0.0770147
10.283,0.00717306,0.0147383,-0.000971521,-0.0117984,-0.00173851,-0.0132803,113.01,0.0551475,-0.330469,-0.138879
10.293,0.00748857,0.0153619,-0.00102265,-0.01177,-0.00209644,-0.0150415,113.23,0.057079,0.169495,-0.229781
10.303,0.00781123,0.0159954,-0.00260777,-0.0135312,-0.00219871,-0.0166039,113.67,0.0577567,-0.944061,0.054289
10.313,0.00814101,0.0166359,-0.00291456,-0.0171105,-0.0025055,-0.0168028,113.89,0.0584308,0.0899557,0.0770147
10.323,0.0084778,0.0172831,-0.00317023,-0.0173946,-0.00286343,-0.0170584,114.11,0.0590555,-0.194115,-0.0479764
10.333,0.00882154,0.0179368,-0.00322136,-0.0169401,-0.00327249,-0.0187345,114.33,0.0596962,0.192221,-0.286596
10.343,0.00917217,0.0185967,-0.00317023,-0.015122,-0.00342589,-0.0198139,114.549,0.0602851,-0.0236725,0.25882
10.353,0.00952958,0.0192624,-0.00322136,-0.014213,-0.00373269,-0.019189,114.769,0.0608203,-0.103212,0.00883775
10.363,0.00989369,0.0199335,-0.00332362,-0.0140426,-0.00388608,-0.0189049,114.989,0.0613135,-0.171389,0.122466
10.373,0.0102643,0.0206095,-0.00317023,-0.0141846,-0.00414175,-0.0176266,115.209,0.0617604,-0.114575,0.236094
10.383,0.0106413,0.0212898,-0.00342589,-0.0147811,-0.00439741,-0.0180811,115.429,0.0621024,-0.273655,-0.434312
10.393,0.0110244,0.0219736,-0.00352816,-0.0158038,-0.00434628,-0.0200128,115.649,0.0623339,-0.148664,0.111103
10.403,0.0114132,0.0226599,-0.00373269,-0.0158606,-0.00439741,-0.0195014,115.649,0.0624876,-0.0123097,0.190643
10.413,0.0117889,0.0233231,-0.00368155,-0.0154629,-0.00439741,-0.0176834,115.869,0.0542055,-0.114575,0.315634
10.423,0.0121701,0.0239627,-0.00363042,-0.0147527,-0.00455081,-0.0165471,116.088,0.0584691,0.0558672,-0.138879
10.433,0.012557,0.0246727,-0.00357929,-0.0136449,-0.00465307,-0.0170868,116.308,0.0581395,0.0508171,-0.051764
10.443,0.0129496,0.0253824,-0.00363042,-0.0127264,-0.00444854,-0.0170016,116.308,0.0593576,-0.0198849,0.0681769
10.454,0.0133479,0.0259782,-0.00276117,-0.0123354,-0.00460194,-0.0160141,116.528,0.0591752,-0.185019,0.202933
10.464,0.013752,0.0265729,-0.0026589,-0.0121298,-0.00424401,-0.0147182,116.528,0.0589902,0.0361304,0.0494193
10.474,0.0141619,0.027209,-0.0029657,-0.0123287,-0.00480647,-0.0157409,116.748,0.0588723,-0.282029,-0.450545
10.484,0.0145774,0.0278441,-0.00291456,-0.0127264,-0.00552233,-0.0190077,116.968,0.0587142,0.104307,-0.280103
10.494,0.0149983,0.0284775,-0.0029657,-0.0121866,-0.00572686,-0.0200872,116.968,0.0584766,-0.111586,0.265313
10.504,0.0154243,0.0291086,-0.00286343,-0.0121298,-0.00588026,-0.0194338,117.188,0.0581599,-0.0206837,-0.0528461
10.514,0.015855,0.0297367,-0.0025055,-0.0112776,-0.0053178,-0.0177862,117.188,0.0577531,0.0929445,0.481206
10.524,0.0162901,0.030361,-0.0025055,-0.0101413,-0.00495987,-0.0143489,117.408,0.0572642,-0.0206837,0.185773
10.534,0.0167295,0.0309808,-0.0029657,-0.0103686,-0.00455081,-0.0134115,117.408,0.0567895,-0.270666,-0.246014
10.544,0.0171729,0.0315961,-0.0029657,-0.0114764,-0.00434628,-0.0134399,117.628,0.0562939,-0.111586,0.163047
10.554,0.0176206,0.0322067,-0.0029657,-0.0118173,-0.00419288,-0.0118775,117.628,0.055834,-0.0320465,0.163047
10.564,0.0180724,0.0329922,-0.00271003,-0.0113628,-0.00424401,-0.0117355,117.847,0.0543622,0.0759003,-0.00455415
10.574,0.0185286,0.033768,-0.0028123,-0.0112208,-0.00439741,-0.0123178,117.628,0.0560493,-0.159878,0.0835077
10.584,0.0189892,0.0343248,-0.00291456,-0.0111924,-0.00388608,-0.0107839,117.628,0.055669,0.226458,0.322127
10.594,0.0194544,0.0348781,-0.00245437,-0.00909026,-0.00383495,-0.00834085,117.847,0.0554147,0.294635,0.140322
10.604,0.0199234,0.035427,-0.00194304,-0.00647681,-0.00388608,-0.0077443,117.847,0.0546449,0.215095,-0.211926
10.614,0.0203962,0.0359702,-0.00194304,-0.00480079,-0.00301683,-0.00686368,118.067,0.0541493,-0.000798747,0.401667
10.624,0.0208727,0.0365079,-0.00209644,-0.00485761,-0.0025055,-0.00493201,118.067,0.0534844,-0.148515,-0.0869346
10.634,0.0213528,0.0370392,-0.00132945,-0.00406221,-0.00230097,-0.00515926,118.067,0.0527431,0.385537,-0.10966
10.644,0.0218366,0.0375638,-0.00138058,-0.0036361,-0.0025055,-0.00632395,118.287,0.0521067,-0.40986,-0.211926
10.654,0.0223234,0.0380806,-0.00112492,-0.00465876,-0.00224984,-0.00669324,118.287,0.0509536,0.226458,0.219862
10.664,0.0228134,0.038588,-0.00102265,-0.00349407,-0.00214757,-0.00496041,118.287,0.0500746,0.101467,0.208499
10.674,0.0233066,0.0390862,-0.000920388,-0.0024146,-0.00209644,-0.00348325,118.507,0.0490394,0.124192,0.0153308
10.684,0.0238035,0.0395751,-0.000715858,-0.00156239,-0.00204531,-0.00263103,118.507,0.0481986,0.0105641,0.0721449
10.694,0.0243034,0.0400544,-0.000153398,8.52212e-05,-0.00214757,-0.00163679,118.507,0.0470215,0.374174,0.0721449
10.704,0.024806,0.0405224,0.000357929,0.00278389,-0.00199417,-0.00123909,118.727,0.04574,0.146918,-0.0869346
10.714,0.0253115,0.0409793,0.000409062,0.00406221,-0.00199417,-0.00152316,118.727,0.0447425,-0.0235244,-0.0301205
10.724,0.0258204,0.0414262,0.000306796,0.00380654,-0.00168738,-0.00109705,118.727,0.0438647,-0.148515,0.140322
10.734,0.0263321,0.0418703,0.000664725,0.00389177,-0.00132945,0.000550556,118.947,0.0451172,0.215095,0.219862
10.744,0.0268466,0.0423112,0.00107379,0.00536893,-0.00102265,0.00259586,118.947,0.0429851,0.135555,0.140322
10.754,0.0273635,0.0427397,0.00076699,0.0080676,-0.000664725,0.00410144,118.947,0.0418641,0.47644,0.0494193
10.764,0.0278837,0.0431588,0.00112492,0.0110503,-0.00122718,0.00407303,119.167,0.0412184,0.0219269,-0.223288
10.774,0.0284066,0.0435692,0.00122718,0.0120446,-0.000715858,0.00484002,119.167,0.0401462,0.0219269,0.435755
10.784,0.028932,0.0439698,0.00112492,0.0121866,-0.000102265,0.00813524,119.167,0.039153,-0.0917013,0.25395
10.794,0.0294598,0.0443607,0.00122718,0.0119878,-5.11327e-05,0.00969763,119.386,0.0381554,0.0446525,-0.143749
10.804,0.02999,0.0447419,0.00153398,0.012698,0.000102265,0.0102374,119.386,0.0371764,0.158281,0.151685
10.814,0.0305226,0.0451134,0.00204531,0.0142887,0.000511327,0.0118282,119.386,0.0362301,0.203732,0.140322
10.824,0.0310572,0.0454752,0.0026589,0.0158795,0.000460194,0.0128508,119.606,0.0351715,0.078741,-0.0414833
10.834,0.0315947,0.0458284,0.00352816,0.0181805,0.000357929,0.0131349,119.606,0.0346869,0.408263,0.0153308
10.844,0.0321347,0.0461746,0.00419288,0.021078,0.000460194,0.0133621,119.606,0.0338462,0.101467,-0.0187577
10.854,0.0326772,0.046513,0.00429515,0.0222427,0.000664725,0.0137882,119.826,0.0331591,-0.0235244,0.0948705
10.864,0.033222,0.0468691,0.005011,0.0234358,0.000920388,0.014612,119.826,0.0407875,0.23782,0.0494193
10.874,0.0337688,0.0472424,0.0051644,0.0245437,0.00117605,0.0155779,119.826,0.0357758,-0.0917013,0.117596
10.884,0.0343175,0.0475993,0.00593139,0.0255379,0.00102265,0.0160324,119.826,0.0348622,0.305997,-0.121023
10.894,0.0348674,0.0479468,0.00598252,0.0268447,0.00102265,0.015379,120.046,0.0337604,-0.103064,-0.0869346
10.904,0.0354192,0.0483266,0.00654498,0.0261697,0.000971521,0.0152438,120.046,0.0330977,-0.108372,0.0623796
10.914,0.0359735,0.0486993,0.00736311,0.0268731,0.000511327,0.0141751,120.046,0.0326346,0.386336,-0.386336
10.924,0.03653,0.0490227,0.00792557,0.0296854,0.00076699,0.0141183,120.046,0.0317932,0.227256,0.545415
10.934,0.0370888,0.0493385,0.0079767,0.0307364,0.000869256,0.0172999,120.266,0.031087,-0.193168,0.181805
10.944,0.0376494,0.0496467,0.00879482,0.0317023,0.00138058,0.019402,120.266,0.0302642,0.386336,0.136354
10.954,0.0382121,0.0499478,0.00899935,0.0333215,0.00143172,0.0204815,120.266,0.0296981,-0.147717,-0.0681769
10.964,0.0387766,0.0502426,0.00951068,0.0332647,0.00184078,0.020169,120.266,0.0291019,0.0454513,-0.113628
10.974,0.0393428,0.0505314,0.00986861,0.0340601,0.00204531,0.0195441,120.486,0.0285117,0.124991,-0.0340885
10.984,0.03991,0.0508137,0.0106867,0.0367019,0.0023521,0.0192032,120.486,0.0277432,0.488601,-0.0113628
10.994,0.040479,0.0510899,0.0106867,0.0386336,0.00276117,0.0194588,120.486,0.0273537,-0.284071,0.113628
11.004,0.0410504,0.0513619,0.0109935,0.0384347,0.00306796,0.0201122,120.486,0.0271012,0.136354,0.0227256
11.014,0.0416239,0.0516299,0.0117094,0.0397131,0.00322136,0.0205951,120.706,0.0265568,0.136354,0.0568141
11.024,0.0421991,0.0518925,0.0123741,0.0415879,0.00322136,0.0211064,120.706,0.0258889,0.238619,0.0227256
11.034,0.0427765,0.0521497,0.0129366,0.0437185,0.00301683,0.0200554,120.706,0.0254642,0.124991,-0.352247
11.044,0.0433558,0.0524014,0.0135502,0.0446559,0.00291456,0.0185214,120.925,0.0247278,-0.0795397,0.0909026
11.054,0.0439373,0.0526484,0.0137547,0.0440309,0.00306796,0.0190043,120.925,0.0246543,-0.170442,0.124991
11.064,0.0445198,0.0528909,0.013857,0.0436048,0.00332362,0.0184078,120.925,0.0237488,0.113628,-0.318159
11.074,0.0451039,0.0531276,0.0143683,0.0450536,0.00363042,0.0169306,120.925,0.0234444,0.272708,0.0454513
11.084,0.0456897,0.0533604,0.0145217,0.045082,0.00342589,0.0162488,121.145,0.0230981,-0.420424,-0.136354
11.094,0.0462775,0.0535893,0.0146751,0.0440309,0.00342589,0.0160216,121.145,0.0226852,0.227256,0.181805
11.104,0.0468676,0.0538157,0.0148796,0.0446275,0.00383495,0.0168454,121.145,0.022813,-0.0681769,0.0227256
11.114,0.0474599,0.0540409,0.0149819,0.0444286,0.00388608,0.0169022,121.145,0.0225463,0.0113628,-0.0568141
11.124,0.048055,0.0542644,0.0150841,0.044457,0.00439741,0.0174987,121.365,0.0225043,-2.03689e-14,0.215894
11.134,0.0486515,0.0544847,0.0152375,0.0443718,0.00455081,0.0184646,121.365,0.0216568,-0.0227256,-0.0568141
11.144,0.0492497,0.0547006,0.0150841,0.0430935,0.00470421,0.0188055,121.365,0.0215185,-0.306796,0.0909026
11.154,0.0498495,0.0549142,0.0155955,0.0419288,0.00475534,0.0190043,121.365,0.021392,0.159079,-0.102265
11.164,0.050451,0.0551256,0.0151353,0.0414743,0.00470421,0.0186066,121.585,0.0210506,-0.227256,8.73375e-14
11.174,0.0510544,0.0553338,0.0156977,0.04173,0.00480647,0.0182373,121.585,0.0206988,0.409062,-0.0795397
11.184,0.05166,0.0555397,0.0155443,0.0422697,0.00521553,0.0180101,121.585,0.0206951,-0.374973,0.0681769
11.194,0.0522677,0.0557445,0.0156977,0.0406221,0.00557346,0.0182941,121.585,0.0205772,-6.99194e-14,0.0113628
11.204,0.052878,0.055949,0.0156977,0.0409914,0.00603366,0.0185214,121.805,0.0207802,0.193168,0.0340885
11.214,0.0534896,0.0561514,0.0153909,0.0405369,0.00608479,0.0196861,121.805,0.0198901,-0.36361,0.249982
11.224,0.0541028,0.0563498,0.0155955,0.039429,0.00603366,0.0197145,121.805,0.0198377,0.193168,-0.386336
11.234,0.0547175,0.0565462,0.0155443,0.0400539,0.00618706,0.0176692,121.805,0.0196117,-4.79715e-14,-0.0795397
11.244,0.0553337,0.0567405,0.0154932,0.0398267,0.00618706,0.0171295,121.805,0.0194142,-0.0795397,0.0795397
11.254,0.0559521,0.0569336,0.0154421,0.0389461,0.00669838,0.0178964,122.025,0.0195469,-0.124991,0.170442
11.264,0.0565723,0.0571264,0.0152887,0.0373269,0.00690291,0.0181805,122.025,0.0193759,-0.215894,-0.170442
11.274,0.0571945,0.0573185,0.0151864,0.0352247,0.00680065,0.0175556,122.025,0.0194636,-0.170442,0.0227256
11.284,0.0578186,0.0575093,0.0149819,0.0326113,0.00664725,0.0174987,122.025,0.0189802,-0.318159,-0.0113628
11.294,0.0584443,0.0576976,0.0149307,0.0300263,0.00695405,0.0177828,122.025,0.0188549,-0.0795397,0.102265
11.304,0.0590714,0.0578839,0.0146751,0.0288332,0.00726084,0.0183225,122.025,0.0185963,-3.03165e-14,-3.47476e-14
11.314,0.0597,0.0580681,0.014266,0.0267594,0.00751651,0.0183794,122.245,0.0184025,-0.420424,-0.0227256
11.324,0.0603298,0.0582505,0.0140615,0.0244869,0.00761877,0.0180669,122.245,0.0182895,0.0909026,-0.0681769
11.334,0.0609611,0.0584319,0.0139592,0.0230665,0.00818123,0.0190043,122.245,0.0182846,-0.306796,0.352247
11.344,0.0615941,0.0586135,0.0133456,0.0207087,0.00853916,0.0208792,122.245,0.018513,-0.102265,-3.71259e-14
11.354,0.0622287,0.0587956,0.0132434,0.0189759,0.00884596,0.0216746,122.245,0.0183994,-0.147717,0.0795397
11.364,0.062865,0.0589763,0.0135502,0.0173851,0.00940842,0.0237767,122.245,0.0180321,-0.0795397,0.374973
11.374,0.0635027,0.0591549,0.0138058,0.0163909,0.00940842,0.0248562,122.245,0.017884,-0.0227256,-0.340885
11.384,0.0641418,0.0593316,0.0138058,0.0160784,0.00961295,0.0240324,122.465,0.0176327,0.0454513,0.102265
11.394,0.0647821,0.0595066,0.0138058,0.0148001,0.00986861,0.0239187,122.465,0.0175512,-0.352247,-0.136354
11.404,0.0654235,0.0596798,0.0136524,0.0128684,0.00940842,0.0225836,122.465,0.0172889,0.0227256,-0.170442
11.414,0.0660661,0.0598513,0.0135502,0.0117037,0.00945955,0.0212769,122.465,0.0171858,-0.193168,-0.0454513
11.424,0.0667099,0.0600217,0.0133456,0.00994247,0.00945955,0.0206235,122.465,0.0171753,-0.113628,-0.0113628
11.434,0.067355,0.0601922,0.0129877,0.00738583,0.00956181,0.0201406,122.465,0.0173475,-0.397699,-0.0454513
11.444,0.0680015,0.0603626,0.0128854,0.00556778,0.00951068,0.0191464,122.465,0.0171148,0.215894,-0.159079
11.454,0.0686491,0.0605308,0.012323,0.00460194,0.00930615,0.0176408,122.465,0.0166877,-0.36361,-0.124991
11.464,0.0692978,0.0606964,0.0122718,0.00193168,0.00940842,0.016959,122.465,0.0165074,-0.147717,0.0909026
11.474,0.0699476,0.0608602,0.0118117,-0.000738583,0.0103799,0.0187771,122.465,0.0164093,-0.329522,0.44315
11.484,0.0705985,0.0610221,0.0112492,-0.00406221,0.00997087,0.0200838,122.465,0.0160957,-0.249982,-0.306796
11.494,0.0712506,0.0611819,0.0109424,-0.0068461,0.0100731,0.0195441,122.465,0.016,-0.159079,0.136354
11.504,0.0719039,0.06134,0.0106867,-0.00852212,0.00951068,0.0188055,122.465,0.0157685,-5.92119e-15,-0.36361
11.514,0.0725586,0.0614977,0.0104822,-0.00928911,0.00935728,0.016817,122.465,0.0160932,-0.0340885,-0.0227256
11.524,0.0732145,0.0616558,0.00976634,-0.0115901,0.00899935,0.015425,122.465,0.0159142,-0.477238,-0.204531
11.534,0.0738718,0.0618128,0.00951068,-0.0141467,0.00894822,0.0148001,122.465,0.0157883,0.0909026,0.215894
11.544,0.0745304,0.0619685,0.00859029,-0.0159364,0.00879482,0.0151694,122.465,0.0155716,-0.386336,-0.102265
11.554,0.0751902,0.0621222,0.00843689,-0.0180953,0.00792557,0.012698,122.465,0.0152728,0.0795397,-0.534053
11.564,0.0758512,0.0622733,0.0079767,-0.0190327,0.00731197,0.00954477,122.465,0.0150068,-0.170442,-0.0113628
11.574,0.0765134,0.0624216,0.00736311,-0.0209644,0.00685178,0.00752787,122.465,0.0146272,-0.193168,-0.284071
11.584,0.0771769,0.0625683,0.00669838,-0.0232086,0.00644272,0.00534053,122.684,0.0148463,-0.204531,-0.0340885
11.614,0.0778871,0.0620154,0.00634045,-0.0238335,0.00669838,0.00511327,122.684,0.019517,-0.0198849,-0.0426106
11.624,0.0785993,0.0614906,0.00582913,-0.0248846,0.00623819,0.00480079,122.904,0.0168173,-0.417584,-0.113628
11.634,0.0793132,0.0617374,0.0054712,-0.0263049,0.00598252,0.00355088,123.344,0.0166802,0.264186,0.159079
11.644,0.0800286,0.0619834,0.00506214,-0.0271855,0.00582913,0.00306796,123.344,0.0165525,-0.463035,0.0681769
11.654,0.0807454,0.062228,0.00429515,-0.0298842,0.0051644,0.00096584,123.344,0.0162846,-0.0653362,-0.284071
11.664,0.0814632,0.0624703,0.00414175,-0.0308785,0.00480647,-0.00187487,123.344,0.0159673,-0.00852212,0.0568141
11.674,0.0821822,0.0627096,0.00322136,-0.0325829,0.00455081,-0.00366451,123.124,0.015563,-0.349407,-0.0227256
11.684,0.0829023,0.0629473,0.0026589,-0.0343725,0.00352816,-0.00624955,123.124,0.0158278,0.0823804,-0.181805
11.694,0.0836239,0.0631851,0.00219871,-0.0353952,0.00291456,-0.00857893,123.124,0.0157574,-0.247141,0.124991
11.704,0.0843469,0.0634227,0.00194304,-0.0367019,0.0025055,-0.00985725,123.124,0.0158198,0.048292,0.0113628
11.714,0.0850716,0.0636606,0.00148285,-0.0373553,0.00245437,-0.0105674,122.904,0.015858,-0.144876,0.238619
11.724,0.0857976,0.0638977,0.000869256,-0.0388608,0.00260777,-0.0109367,122.904,0.0155074,-0.167602,-0.0113628
11.734,0.0865249,0.0641328,-0.000102265,-0.0409346,0.00219871,-0.0125275,122.904,0.0153667,-0.247141,-0.0568141
11.744,0.0872532,0.0643661,-0.000613592,-0.0426674,0.00199417,-0.0135218,122.684,0.015113,-0.00852212,0.227256
11.754,0.0879826,0.0645976,-0.00112492,-0.043406,0.00184078,-0.0133513,122.684,0.0149765,-0.0539734,0.159079
11.764,0.0887132,0.0648278,-0.00153398,-0.0442866,0.00143172,-0.0144876,122.684,0.0149426,-0.0994247,-0.181805
11.774,0.0894451,0.0650576,-0.00189191,-0.0448831,0.00102265,-0.0168738,122.465,0.0149815,0.0255663,-0.0227256
11.784,0.0901784,0.0652874,-0.00230097,-0.0448547,0.000613592,-0.0187771,122.465,0.0150302,0.0142035,-1.63375e-14
11.794,0.090913,0.0655173,-0.00245437,-0.0447127,-0.000613592,-0.021703,122.465,0.0149969,0.0142035,-0.306796
11.804,0.0916486,0.0657465,-0.00255663,-0.0446275,-0.000613592,-0.0244869,122.245,0.0148154,-0.0198849,0.181805
11.814,0.092385,0.0659741,-0.00332362,-0.0449115,-0.00122718,-0.0263049,122.245,0.0145444,-0.076699,-0.170442
11.824,0.0931222,0.0661997,-0.00363042,-0.0455081,-0.00076699,-0.027356,122.025,0.014358,-0.0653362,0.420424
11.834,0.0938605,0.0664236,-0.00388608,-0.0467012,-0.000715858,-0.0274128,122.025,0.0142506,-0.213053,-0.124991
11.844,0.0945999,0.0666467,-0.00383495,-0.0478659,-0.00122718,-0.0292024,122.025,0.0142537,0.0255663,0.0227256
11.862,0.0953587,0.0664224,-0.00414175,-0.0483245,-0.00173851,-0.0304686,121.805,0.0182496,0.0118846,-0.129397
11.868,0.096109,0.0664032,-0.00439741,-0.0489873,-0.00184078,-0.0318511,122.025,0.0124304,0.0260881,0.0195822
11.884,0.0968748,0.0665081,-0.00449968,-0.049119,-0.00163625,-0.0309834,122.025,0.0193783,0.141219,0.386667
11.894,0.0976411,0.0663969,-0.00439741,-0.0485836,-0.00132945,-0.0294603,122.025,0.0172471,0.118023,-0.013116
11.904,0.098408,0.0666674,-0.00424401,-0.0476746,-0.00102265,-0.0288922,122.245,0.0170762,0.152111,0.100512
11.914,0.0991756,0.0669364,-0.00424401,-0.0465951,-0.000460194,-0.0277559,122.025,0.0169583,0.118023,0.157326
11.924,0.0998987,0.0671446,-0.00429515,-0.0461122,-0.00117605,-0.0282672,122.025,-0.00327878,-0.0183313,-0.376726
11.934,0.100622,0.0672911,-0.00424401,-0.0452032,-0.00107379,-0.0291194,121.805,0.00638295,0.299828,0.305043
11.944,0.101345,0.0674552,-0.00429515,-0.0442089,-0.00122718,-0.0286649,121.805,0.00629159,-0.097871,-0.160833
11.954,0.102069,0.0676175,-0.00414175,-0.0435272,-0.000715858,-0.0300284,121.805,0.00605826,0.31119,-0.126744
11.964,0.102793,0.0677777,-0.00419288,-0.0416523,0.000102265,-0.0286081,121.585,0.00586566,0.129385,0.668653
11.974,0.103517,0.0679361,-0.00424401,-0.0407149,-0.000255663,-0.0270741,121.585,0.00567431,0.0384828,-0.456266
11.984,0.104241,0.0680925,-0.00414175,-0.0399763,-0.000715858,-0.0283524,121.585,0.00548542,0.140748,0.168689
11.994,0.104966,0.068247,-0.00414175,-0.0391809,-0.000613592,-0.0275002,121.365,0.005249,0.0498456,0.111875
12.004,0.105691,0.0683991,-0.00439741,-0.0382719,-0.000153398,-0.0257674,121.365,0.00499406,0.197562,0.327769
12.014,0.106416,0.0685485,-0.00455081,-0.0374481,-0.000204531,-0.0245459,121.365,0.00462863,-0.0183313,-0.160833
12.024,0.107141,0.0686944,-0.00439741,-0.0357436,-0.000306796,-0.0249152,121.145,0.00421381,0.492996,0.0436981
12.034,0.107865,0.0688369,-0.00419288,-0.0334143,-0.000153398,-0.0231255,121.145,0.00388727,-0.0410569,0.464122
12.044,0.108589,0.0689762,-0.00388608,-0.0321359,-0.000204531,-0.0205121,121.145,0.00364159,0.299828,0.0436981
12.054,0.109314,0.069113,-0.00429515,-0.0307156,-0.000204531,-0.0193758,120.925,0.0034169,-0.0410569,0.100512
12.064,0.110038,0.0692473,-0.00424401,-0.0296077,-0.000357929,-0.0184952,120.925,0.00319468,0.31119,0.0323353
12.074,0.110763,0.0700786,-0.00434628,-0.0287839,0.000102265,-0.0179839,120.925,-0.00187724,0.103819,0.268114
12.084,0.111488,0.0708781,-0.00419288,-0.0281874,0.000357929,-0.0166487,120.266,0.000431096,0.285624,0.157326
12.094,0.112212,0.070902,-0.00439741,-0.0269659,0.000920388,-0.0142057,119.826,5.45526e-05,-0.0325348,0.0891494
12.104,0.112936,0.0709218,-0.00439741,-0.0263977,0.00122718,-0.0124729,119.826,-0.00037446,0.194722,-0.0926557
12.114,0.11366,0.0709378,-0.00429515,-0.0243524,0.00102265,-0.0113934,119.826,-0.000634954,0.342438,-0.013116
12.124,0.114384,0.0709511,-0.00393722,-0.0222787,0.00127832,-0.00985944,119.826,-0.000813966,0.0810934,0.0550609
12.134,0.115107,0.0709621,-0.00388608,-0.0202902,0.00138058,-0.0084959,119.826,-0.00104298,0.365164,-0.0926557
12.144,0.115831,0.0709704,-0.00409062,-0.0183585,0.00158511,-0.00619493,119.826,-0.00137569,-0.00980919,0.350494
12.154,0.116554,0.0709753,-0.00373269,-0.0169382,0.00245437,-0.00187706,119.826,-0.00182261,0.331075,0.270955
12.164,0.117259,0.0709519,-0.00383495,-0.0155178,0.00291456,0.00136134,119.826,-0.010472,-0.0666233,-0.0585673
12.174,0.117972,0.070912,-0.00352816,-0.0144383,0.00286343,0.0019863,119.826,-0.00276335,0.353801,-0.308549
12.192,0.118689,0.0704432,-0.00363042,-0.0125067,0.00301683,0.00152773,119.826,-0.00332314,0.23739,-0.21556
12.197,0.119395,0.070204,-0.00424401,-0.0113062,0.00286343,0.00195013,120.046,-0.00767684,0.259278,-0.0575972
12.214,0.120116,0.0700282,-0.00378382,-0.00935641,0.00301683,0.00298053,120.266,-0.000317542,0.463527,-0.104457
12.224,0.120836,0.0696041,-0.00306796,-0.00648729,0.00260777,0.00309731,120.266,-0.00267299,0.49721,-0.256304
12.234,0.121555,0.0695802,-0.00306796,-0.00429995,0.00276117,0.00340979,120.486,-0.00302793,0.076786,0.24366
12.244,0.122274,0.069552,-0.00286343,-0.00336252,0.00291456,0.00542669,120.486,-0.00355015,0.326768,0.0618547
12.254,0.122992,0.0695192,-0.0023521,-0.00111836,0.00317023,0.00715952,120.486,-0.00399459,0.451759,0.107306
12.264,0.12371,0.0694831,-0.0025055,0.000103141,0.0026589,0.00914802,120.486,-0.00406003,-0.0368423,0.107306
12.274,0.124427,0.0694437,-0.00214757,0.000358805,0.0023521,0.00946049,120.706,-0.0046699,0.372219,-0.35857
12.284,0.125144,0.0694008,-0.00173851,0.00308588,0.00322136,0.0110229,120.706,-0.00472114,0.588113,0.664084
12.294,0.12586,0.0693557,-0.00102265,0.00649473,0.00337476,0.0131534,120.706,-0.00502978,0.360856,-0.529012
12.304,0.126576,0.0693075,-0.000664725,0.00856844,0.00357929,0.0120739,120.706,-0.0054304,0.21314,0.0732175
12.314,0.127292,0.0692561,-0.000255663,0.0096195,0.00373269,0.0136079,120.706,-0.0056341,0.190414,0.198209
12.324,0.128007,0.0696478,0.000255663,0.0111575,0.00403948,0.015499,120.706,-0.0103997,0.34045,0.213977
12.334,0.128721,0.0698296,0.00076699,0.0134396,0.00444854,0.0172224,120.486,-0.00473424,0.246706,0.0990866
12.344,0.129435,0.0698845,0.00117605,0.0150769,0.00455081,0.017491,120.486,-0.0119457,0.154301,-0.0975559
12.362,0.130167,0.0697223,0.00127832,0.0153734,0.00470421,0.0169337,120.486,-0.00594125,0.06271,-0.0377299
12.368,0.13089,0.0693746,0.00194304,0.0157664,0.00480647,0.0163325,120.486,-0.011806,0.306379,-0.0386768
12.394,0.131648,0.0687085,0.00230097,0.0165973,0.00506214,0.0153737,120.706,-0.00494046,0.283831,-0.121235
12.404,0.132406,0.0680153,0.00301683,0.0175568,0.00511327,0.0160523,121.145,0.0124716,0.342609,0.465143
12.414,0.133164,0.068111,0.00368155,0.0196589,0.00536893,0.0177568,121.585,0.00275678,0.18353,-0.0461841
12.424,0.133921,0.0681861,0.00455081,0.0217895,0.00521553,0.0175863,121.585,0.0022469,0.353972,0.0219928
12.434,0.134678,0.0682595,0.00495987,0.0234087,0.00495987,0.0162228,121.585,0.00241974,-0.00963809,-0.284803
12.444,0.135435,0.0683328,0.00588026,0.0249426,0.00521553,0.014007,121.585,0.0023148,0.456238,-0.0234584
12.454,0.136192,0.0684049,0.00644272,0.0274425,0.00542007,0.0144331,121.585,0.00211357,0.138079,0.431054
12.464,0.136949,0.068476,0.00690291,0.0285219,0.0054712,0.0165353,121.365,0.00212838,0.10399,0.158347
12.474,0.137705,0.0685451,0.00777217,0.0302264,0.00557346,0.017075,121.365,0.00158147,0.388061,-0.0575469
12.484,0.13846,0.068612,0.00802783,0.0323285,0.00526667,0.0155126,121.365,0.00165554,0.115353,-0.284803
12.494,0.139216,0.0686788,0.00864142,0.0339761,0.00526667,0.0143195,121.365,0.00179628,0.308521,0.249249
12.504,0.139972,0.0687467,0.00940842,0.035993,0.00567573,0.015683,121.365,0.00204381,0.18353,0.271975
12.514,0.14071,0.0687928,0.0103288,0.0377826,0.00577799,0.0164216,121.365,-0.00571236,0.26307,-0.0802725
12.524,0.141458,0.0688291,0.0114537,0.0399984,0.00623819,0.0169045,121.365,0.00251912,0.285795,0.294701
12.534,0.142191,0.0688653,0.0116071,0.0419017,0.00695405,0.0189783,121.365,-0.00669014,0.149441,0.260612
12.544,0.142924,0.0688767,0.0111469,0.0415324,0.00715858,0.0204838,121.365,-0.00307409,-0.270983,0.0560813
12.554,0.143657,0.0688952,0.0118628,0.0417312,0.00731197,0.0201714,121.365,-0.00319137,0.558503,-0.159812
12.564,0.14439,0.0689138,0.0120673,0.043464,0.00741424,0.0192055,121.365,-0.00301853,-0.077815,0.0560813
12.574,0.145124,0.0689338,0.0120162,0.0433504,0.00731197,0.0180124,121.365,-0.0027889,0.138079,-0.205264
12.584,0.145857,0.0689547,0.0123741,0.0441742,0.00761877,0.0169898,121.365,-0.00290989,0.206256,0.203798
12.594,0.146592,0.0689765,0.0122207,0.0442594,0.00777217,0.0179556,121.365,-0.00254076,-0.111903,0.215161
12.604,0.147326,0.0689993,0.0123741,0.0432936,0.00726084,0.0172738,121.365,-0.0027673,0.047176,-0.364343
12.614,0.148059,0.0690214,0.012323,0.0429243,0.00731197,0.0157115,121.365,-0.00280434,0.0812645,0.203798
12.624,0.148793,0.0690435,0.0125786,0.0436345,0.00746537,0.0159671,121.365,-0.0027389,0.308521,0.0447185
12.634,0.149526,0.069065,0.012732,0.0441174,0.00741424,0.0143763,121.365,-0.00303705,-0.111903,-0.341617
12.644,0.15026,0.0691116,0.0128854,0.043947,0.00710744,0.0115924,121.365,0.00588517,0.240344,-0.0802725
12.654,0.150994,0.0691736,0.0128343,0.0438901,0.00674952,0.0103141,121.365,-0.00220248,-0.134629,0.0901698
12.664,0.151729,0.0696625,0.0128854,0.0435209,0.00664725,0.00977843,121.365,-0.00165751,0.09541,0.110808
12.674,0.152446,0.0698949,0.01309,0.0451611,0.00659612,0.00969692,120.925,-0.00612788,0.243964,0.214191
12.684,0.153171,0.0700483,0.0129877,0.0454839,0.00659612,0.00974599,120.925,-0.00541804,-0.414797,0.0565198
12.694,0.15386,0.0704201,0.0131411,0.043751,0.00649385,0.00985646,120.706,-0.0215249,-0.16441,0.174279
12.704,0.15455,0.0703381,0.0129877,0.0428704,0.00674952,0.0106234,120.486,-0.0130651,0.017395,-0.0188894
12.734,0.155285,0.0695476,0.0131922,0.0429272,0.00690291,0.0102542,120.486,-0.00783636,-0.175773,0.0748539
12.744,0.156021,0.068789,0.0131411,0.0419046,0.00710744,0.00988486,121.145,-0.0101956,-0.314968,0.0407654
12.764,0.156779,0.06831,0.0131411,0.0412891,0.00731197,0.0107939,121.585,-0.00597285,0.0839937,0.399326
12.774,0.157537,0.0678513,0.0126298,0.0406831,0.00664725,0.0117124,121.805,-0.00778465,-0.397032,-0.0337242
12.784,0.158296,0.0679425,0.0130388,0.0391491,0.00659612,0.00918416,122.025,-0.00777415,0.21656,-0.045087
12.794,0.159054,0.0680341,0.0131411,0.0386094,0.00644272,0.0073377,122.025,-0.00781243,-0.249316,0.352612
12.804,0.159813,0.0681275,0.0131922,0.0370754,0.00649385,0.00708204,122.025,-0.00721304,0.023392,0.284435
12.814,0.160572,0.068223,0.0131411,0.0361379,0.00634045,0.00648549,122.025,-0.00742662,-0.112962,0.182169
12.824,0.161331,0.0683196,0.0131922,0.0347744,0.00644272,0.0057185,122.025,-0.00698588,-0.0788734,0.261709
12.834,0.16209,0.068418,0.012732,0.0326439,0.00644272,0.00486629,122.025,-0.00709206,-0.30613,0.148081
12.844,0.162848,0.068516,0.0122207,0.0297464,0.00639159,0.00404248,122.025,-0.00727909,-0.169776,0.30716
12.854,0.163608,0.0690452,0.0114537,0.0274657,0.00593139,0.00304823,121.805,-0.0109339,-0.214068,0.0903392
12.877,0.164398,0.0687448,0.0116583,0.0261938,0.00552233,0.00187967,121.585,-0.000232804,-0.255544,0.155749
12.884,0.165181,0.068886,0.0119139,0.0259595,0.00567573,0.00144646,121.805,-0.0116367,-0.239308,0.230731
12.894,0.165965,0.0699728,0.0113003,0.0243349,0.00577799,0.00196262,121.805,-0.00693256,-0.859897,0.0648566
12.904,0.166749,0.07003,0.0110447,0.020642,0.00521553,0.000741115,121.145,-0.00713318,-0.405384,-0.355568
12.914,0.167533,0.0700877,0.0108913,0.0181421,0.00536893,-0.000139503,120.925,-0.00678318,-0.541738,0.337564
12.924,0.168317,0.0701467,0.0107379,0.0160116,0.00490874,0.000485452,120.925,-0.00689367,-0.314482,-0.139674
12.934,0.169101,0.0702061,0.0110958,0.0147049,0.00480647,-0.000622423,120.925,-0.00673565,-0.416747,-0.0942229
12.944,0.169886,0.0702669,0.0107379,0.0125459,0.00460194,-0.00178711,120.925,-0.00652145,-0.575827,-0.08286
12.954,0.170671,0.0703287,0.0105333,0.0102166,0.00485761,-0.00192915,120.925,-0.00659799,-0.382659,0.20121
12.984,0.171502,0.0695608,0.0100731,0.00785878,0.00465307,-0.00197176,120.925,-0.00101682,-0.624119,0.0676973
12.994,0.172333,0.0688253,0.00945955,0.00540157,0.00409062,-0.00231264,121.365,-0.00360787,-0.263349,0.246662
13.004,0.173165,0.0689929,0.00920388,0.00324263,0.00480647,-0.00137521,121.805,-0.00378812,-0.365614,0.667086
13.014,0.173997,0.0691599,0.0081301,-0.000791169,0.00378382,-0.00242627,121.585,-0.00390293,-0.797402,-0.503284
13.024,0.174828,0.0693488,0.00695405,-0.00687028,0.00363042,-0.00563627,121.585,0.00367485,-0.695136,0.496644
13.034,0.17566,0.069548,0.00634045,-0.0122392,0.00342589,-0.00637485,121.365,-0.00417268,-0.479243,0.0534938
13.044,0.176492,0.0697485,0.00756764,-0.0121824,0.00347702,-0.00844857,121.365,0.00487176,0.691128,0.144396
13.054,0.177325,0.0699733,0.00695405,-0.00968258,0.00322136,-0.00995414,121.145,0.00124954,-0.479243,0.235299
13.064,0.178156,0.0701904,0.00669838,-0.012154,0.00240324,-0.011971,121.145,0.00112238,-0.570145,-0.0374088
13.074,0.178942,0.0703461,0.00654498,-0.0142845,0.0025055,-0.0133346,120.925,-0.0193147,-0.115632,0.508007
13.084,0.179729,0.0704413,0.00598252,-0.0151935,0.00204531,-0.0133914,120.925,-0.00904552,-0.320163,0.133034
13.094,0.180492,0.0705275,0.00542007,-0.0173809,0.00158511,-0.0152663,120.706,-0.0189017,-0.46788,0.0307682
13.104,0.181256,0.0705839,0.005011,-0.0190569,0.00199417,-0.0159196,120.706,-0.0141943,-0.0815439,0.576184
13.114,0.18202,0.0706495,0.00434628,-0.0203352,0.00184078,-0.0144709,120.706,-0.01404,-0.479243,0.394378
13.124,0.182784,0.0707155,0.00373269,-0.0224942,0.00153398,-0.0146129,120.706,-0.0140511,-0.240623,0.0534938
13.134,0.183548,0.0707813,0.00322136,-0.0242554,0.00112492,-0.0163457,120.706,-0.014106,-0.38834,0.121671
13.144,0.184312,0.0708483,0.00322136,-0.0254769,0.00112492,-0.0169991,120.486,-0.0136443,-0.0701811,0.43983
13.154,0.185076,0.0709156,0.00255663,-0.02667,0.000869256,-0.0165162,120.486,-0.0141937,-0.501968,0.303476
13.164,0.18584,0.0709811,0.00230097,-0.0282892,0.000869256,-0.0158628,120.486,-0.0141739,-0.0815439,0.43983
13.174,0.186604,0.0710453,0.00173851,-0.0291982,0.000613592,-0.0155503,120.486,-0.0144974,-0.399703,0.144396
13.184,0.187368,0.0711331,0.00189191,-0.0301925,0.000818123,-0.0155787,120.266,-0.00600293,-0.0588182,0.43983
13.194,0.188101,0.0711933,0.000715858,-0.0317264,0.000511327,-0.0155787,120.266,-0.0278548,-0.638322,0.0989451
13.204,0.188841,0.0712498,0.000102265,-0.034766,0.000306796,-0.0164025,120.266,0.000197069,-0.274712,0.314839
13.234,0.189628,0.070597,-0.000204531,-0.0352631,-0.000102265,-0.0170843,120.266,-0.00342284,-0.0787032,0.104626
13.244,0.190414,0.0706834,-0.000409062,-0.0355188,5.11327e-05,-0.0176098,120.486,-0.0109775,-0.141199,0.209733
13.254,0.1912,0.071592,-0.000869256,-0.0366267,-0.000255663,-0.0178655,120.486,-0.00897253,-0.229261,-0.131152
13.274,0.192009,0.0716652,-0.00117605,-0.0372706,-0.000357929,-0.0187745,120.046,-0.0088477,-0.20906,-0.0402495
13.284,0.192818,0.071739,-0.00153398,-0.0372895,-0.000255663,-0.0180738,119.826,-0.00877884,-0.128258,0.151656
13.294,0.193626,0.0718489,-0.00117605,-0.0369486,5.11327e-05,-0.0160285,119.826,-0.00927637,-0.321426,-0.268768
13.304,0.194434,0.0719577,-0.00138058,-0.0376304,-0.00056246,-0.0166251,119.826,-0.0089881,-0.389603,-0.541476
13.314,0.195196,0.0720053,-0.00158511,-0.0385394,-0.00056246,-0.0176761,119.606,-0.0298813,-0.310063,-0.177866
13.324,0.195957,0.0719905,-0.00168738,-0.0388803,-0.000306796,-0.0168239,119.606,-0.0196295,-0.230523,-0.0642376
13.334,0.196718,0.0719953,-0.00189191,-0.0392496,-0.000971521,-0.0173921,119.606,-0.0197011,-0.366877,-0.689193
13.344,0.197479,0.0719995,-0.00112492,-0.037602,5.11327e-05,-0.0171932,119.606,-0.0197498,0.337618,0.36755
13.354,0.19824,0.0720039,-0.000409062,-0.0333693,-0.000153398,-0.0153183,119.606,-0.0195437,0.00809614,-0.552839
13.364,0.199001,0.0720077,-0.00056246,-0.0309831,-0.000102265,-0.0152899,119.606,-0.0199653,-0.264612,0.00393928
13.374,0.199762,0.0726426,-0.00194304,-0.0335415,-0.000306796,-0.0145711,119.386,-0.0248621,-0.796327,-0.20824
13.384,0.200522,0.0731532,-0.00178964,-0.036297,-0.000102265,-0.0144859,119.167,-0.020533,0.244002,-0.0756735
13.394,0.201283,0.072803,-0.00189191,-0.0346093,0.000460194,-0.0138626,118.727,-0.0227813,0.339938,0.196956
13.404,0.202043,0.0727517,-0.00260777,-0.0344672,5.11327e-05,-0.0128684,118.947,-0.0228936,-0.228203,-0.0303009
13.414,0.202803,0.0726994,-0.00240324,-0.0349217,-0.000357929,-0.0138058,118.947,-0.0229714,0.351301,-0.280283
13.424,0.203563,0.0726464,-0.0023521,-0.0337286,9.77228e-18,-0.0134649,118.947,-0.0230418,0.101318,0.492389
13.434,0.204323,0.0725926,-0.00230097,-0.0340979,5.11327e-05,-0.0115333,118.947,-0.0230943,-0.0918495,-0.109841
13.444,0.205083,0.0725383,-0.00255663,-0.0345524,0.000204531,-0.0111356,118.947,-0.023148,0.203584,0.128779
13.454,0.205843,0.0724834,-0.00271003,-0.0341263,5.11327e-05,-0.011306,118.947,-0.0232103,0.0899557,-0.257557
13.464,0.206602,0.0732589,-0.0028123,-0.0339559,5.11327e-05,-0.0117463,118.947,-0.0284026,0.126885,-0.0445044
13.474,0.207361,0.0740029,-0.00347702,-0.034311,5.11327e-05,-0.0109509,118.287,-0.0260825,-0.131619,-0.0643893
13.484,0.20812,0.0738424,-0.00357929,-0.0343394,0.000306796,-0.0108941,117.847,-0.0261325,0.0501858,-0.598442
13.494,0.208878,0.0736806,-0.00342589,-0.03201,-0.000409062,-0.0114622,117.847,-0.0262597,0.481973,-0.0303009
13.504,0.209636,0.0735184,-0.00332362,-0.0279194,0.000102265,-0.00958738,118.067,-0.0260899,0.266079,-0.0416637
13.514,0.210393,0.0733554,-0.00327249,-0.0253628,-0.000255663,-0.00890561,118.067,-0.0265103,-0.0179911,-0.484814
13.524,0.21115,0.0731907,-0.0026589,-0.0259877,-0.000409062,-0.00987145,118.067,-0.0264844,-0.449778,-0.325734
13.534,0.211906,0.0730249,-0.0026589,-0.026357,-0.000357929,-0.00961579,118.067,-0.0266813,0.379708,-0.087115
13.544,0.212616,0.072797,-0.00260777,-0.0244821,-0.000306796,-0.00754207,118.287,-0.0472967,-0.029354,0.0492389
13.554,0.213324,0.0725667,-0.0026589,-0.0241413,-0.00056246,-0.0068603,118.287,-0.0170868,-0.0520796,-0.621168
13.564,0.214032,0.0724151,-0.00240324,-0.0227777,-0.000204531,-0.00657623,118.507,-0.0271554,0.311531,0.17423
13.574,0.214717,0.0722423,-0.00276117,-0.0211301,-0.000153398,-0.00416163,118.507,-0.027485,-0.120257,-0.223469
13.584,0.215401,0.0720669,-0.00276117,-0.020562,-0.000204531,-0.00453092,118.507,-0.0278214,0.107,-0.587079
13.594,0.216085,0.0718903,-0.00332362,-0.0198234,-0.000255663,-0.00541154,118.727,-0.0275085,-0.0748052,-0.121203
13.604,0.216768,0.0717138,-0.00378382,-0.0196245,-0.000153398,-0.00430367,118.727,-0.0277436,0.0160973,-0.109841
13.614,0.21745,0.0715359,-0.00373269,-0.0184883,-5.11327e-05,-0.0028265,118.727,-0.027885,0.18654,-0.132566
13.624,0.218132,0.0713565,-0.00357929,-0.0173804,-0.000102265,-0.00228677,118.947,-0.0280868,-0.0861681,-0.405274
13.634,0.218814,0.0711754,-0.00368155,-0.0164998,5.11327e-05,-0.00197429,118.947,-0.0282745,0.18654,-0.0757521
13.662,0.219535,0.0703128,-0.00388608,-0.0152798,9.71445e-18,-0.00144353,119.167,-0.0233422,-0.139835,-0.283966
13.667,0.220246,0.0695975,-0.00311909,-0.0136829,0.000664725,-0.000591315,119.606,-0.0281767,0.254369,0.0200342
13.684,0.220971,0.0693524,-0.00245437,-0.0108706,0.00076699,0.000681837,120.046,-0.0211154,-0.347955,-0.579378
13.694,0.221695,0.0688985,-0.00230097,-0.0087843,0.00117605,0.00106796,120.266,-0.00956232,0.289766,-0.106457
13.704,0.222418,0.0688806,-0.00199417,-0.00531864,0.00056246,0.0016361,120.486,-0.0194315,-0.0738442,-0.788226
13.734,0.223186,0.0688594,-0.00189191,-0.00458005,0.00076699,0.0016077,120.486,-0.0191529,-0.107933,-0.612103
13.764,0.223998,0.0685739,-0.00153398,-0.00412554,0.000818123,0.0020196,120.486,-0.0155592,-0.0845757,-0.713737
13.775,0.224813,0.0677287,-0.00143172,-0.00284168,0.00158511,0.00265772,120.706,-0.0171731,0.0112208,-0.300396
13.794,0.225647,0.0677692,-0.00122718,-0.0018569,0.00184078,0.00428639,121.365,-0.0180157,0.00112047,-0.557954
13.814,0.226503,0.0675379,-0.000613592,-0.000618645,0.00209644,0.00439128,121.365,-0.0144518,0.0682067,-0.548272
13.824,0.227359,0.0670228,-0.000102265,0.000385071,0.00224984,0.00401252,121.365,-0.0162742,-0.321917,-0.613924
13.834,0.228215,0.0671284,0.000460194,0.00137932,0.00260777,0.00529083,121.805,-0.0162587,0.132596,-0.0457826
13.844,0.229071,0.0672937,0.000971521,0.00376551,0.0028123,0.00733614,121.805,0.00375856,-0.0264835,-0.636649
13.854,0.229926,0.0675184,0.00178964,0.00606648,0.00301683,0.00705207,121.585,-0.00621181,0.0757819,-0.579835
13.864,0.230781,0.0677242,0.00224984,0.00831064,0.0025055,0.00710888,121.585,-0.00604638,-0.0832976,-0.432119
13.874,0.231636,0.0679312,0.0028123,0.0085663,0.00276117,0.00611464,121.585,-0.00589082,-0.412819,-0.886631
13.884,0.232492,0.0681402,0.00337476,0.00760046,0.00219871,0.00415455,121.365,-0.00553403,-0.196926,-0.500295
13.894,0.233348,0.06835,0.00373269,0.00831064,0.00271003,0.0047511,121.365,-0.00592663,0.0871447,-0.227588
13.904,0.234205,0.0685589,0.00378382,0.0116343,0.0028123,0.00622827,121.145,-0.00582663,0.34849,-0.47757
13.914,0.235061,0.0687682,0.00439741,0.0145034,0.00245437,0.0055465,121.145,-0.00575749,-0.287828,-0.829817
13.924,0.235918,0.0689785,0.00480647,0.0153272,0.00291456,0.00426818,120.925,-0.00556243,-0.0492091,-0.432119
13.934,0.236776,0.0691921,0.00526667,0.0178838,0.00352816,0.00611464,120.925,-0.00478156,0.234861,-0.0344198
13.944,0.237634,0.0694078,0.00577799,0.0200712,0.00429515,0.00983596,120.706,-0.00532107,-0.299191,-0.216225
13.954,0.238492,0.0696235,0.00674952,0.0214631,0.00470421,0.0113131,120.706,-0.00489206,0.166684,-0.750277
13.964,0.239351,0.0698413,0.00674952,0.0227414,0.00485761,0.0109154,120.486,-0.00479761,-0.401457,-0.47757
13.974,0.240211,0.07006,0.00751651,0.0238493,0.005011,0.0110575,120.266,-0.00477045,0.291675,-0.534384
13.984,0.241071,0.0702803,0.00833463,0.0272013,0.00536893,0.0118529,120.266,-0.00440749,0.0303306,-0.284402
13.994,0.241932,0.070502,0.00889709,0.0293603,0.00557346,0.013046,120.046,-0.00456613,-0.0946604,-0.534384
14.004,0.242793,0.0707249,0.00910162,0.0313772,0.00593139,0.0136993,120.046,-0.00407292,0.0644191,-0.39803
14.014,0.243655,0.0709511,0.00966408,0.0335645,0.00608479,0.0140118,119.826,-0.00375564,-0.0719348,-0.636649
14.024,0.244477,0.071127,0.0101243,0.0347008,0.00669838,0.0158583,119.606,-0.0214112,-0.185563,0.101934
14.034,0.24531,0.0712657,0.0101754,0.0347576,0.00654498,0.0170229,119.606,-0.00774329,-0.265103,-1.10252
14.044,0.246129,0.0714176,0.0102777,0.0345872,0.00695405,0.0164548,119.386,-0.0165581,-0.140112,-0.023057
14.054,0.246949,0.0715477,0.0106867,0.0343599,0.00634045,0.0173354,119.386,-0.0127414,-0.276466,-0.886631
14.064,0.247769,0.0716873,0.0114026,0.0351837,0.00695405,0.0170798,119.167,-0.0126556,0.18941,-0.159411
14.074,0.248544,0.0718298,0.0118117,0.037087,0.00674952,0.0178467,119.167,-0.0120661,-0.1742,-0.750277
14.084,0.249275,0.0719182,0.0122207,0.0380528,0.00720971,0.0183013,118.947,-0.0313828,-0.0492091,-0.136685
14.094,0.250003,0.0719458,0.012323,0.0383653,0.00756764,0.0196364,118.947,-0.0232828,-0.344642,-0.670738
14.104,0.250711,0.0719924,0.0123741,0.0385357,0.0076699,0.0193239,118.947,-0.0210933,0.0416934,-0.488933
14.114,0.251397,0.0720173,0.012323,0.0392175,0.0076699,0.0194944,118.947,-0.0311791,-0.287828,-0.500295
14.124,0.252083,0.0720129,0.0123741,0.0399277,0.00720971,0.0188694,118.727,-0.0265556,0.10987,-0.704826
14.134,0.252768,0.0720175,0.0122718,0.0415753,0.00746537,0.0184149,118.727,-0.0265643,-0.151475,-0.352579
14.144,0.253454,0.0720236,0.0122207,0.0416605,0.00736311,0.0185569,118.727,-0.0260186,-0.299191,-0.636649
14.154,0.25414,0.0720321,0.0119139,0.0405242,0.00731197,0.0181308,118.727,-0.0260112,-0.356005,-0.466207
14.164,0.254826,0.0720416,0.0118628,0.0398993,0.00746537,0.0182444,118.727,-0.0259303,-0.0492091,-0.511658
14.174,0.255511,0.0727318,0.0111469,0.0391054,0.0078233,0.0190204,118.727,-0.0309207,-0.404604,-0.428436
14.184,0.256196,0.0732733,0.0109424,0.0369972,0.0081301,0.0194749,118.287,-0.0263991,-0.196578,-0.63017
14.194,0.256881,0.0733441,0.0110447,0.0349519,0.00807897,0.0185142,117.847,-0.0331085,0.0421352,-0.43982
14.204,0.257565,0.0736643,0.0117605,0.0357347,0.00833463,0.018327,117.847,-0.0313437,0.358891,-0.367325
14.214,0.258249,0.0735784,0.0117094,0.0363881,0.00889709,0.0201166,117.628,-0.0314215,-0.300152,0.223542
14.224,0.258932,0.0742553,0.0116071,0.0354364,0.00843689,0.0205995,117.628,-0.0365481,-0.121188,-0.446865
14.234,0.259613,0.0751645,0.0116583,0.0351808,0.00859029,0.0195201,117.188,-0.0382622,-0.0593236,0.0808751
14.244,0.260296,0.0757798,0.0118628,0.0353172,0.00802783,0.0184842,116.528,-0.0355297,0.0153223,-0.457456
14.254,0.260977,0.0760664,0.0115049,0.0348249,0.00792557,0.0161738,116.088,-0.0396502,-0.3142,0.0778589
14.264,0.261658,0.0766022,0.0117605,0.0338707,0.00736311,0.0151599,115.869,-0.0412866,0.0416637,-0.25882
14.294,0.262381,0.0761182,0.0113003,0.0326255,0.00731197,0.0143172,115.429,-0.0342673,-0.0113628,-0.156239
14.304,0.263103,0.0750417,0.0112492,0.0306796,0.00710744,0.0135502,115.649,-0.0369948,0.0284071,-0.315318
14.314,0.263824,0.0747462,0.0114537,0.0296854,0.00720971,0.0125559,116.308,-0.0363818,0.0852212,-0.0312478
14.324,0.264544,0.0744509,0.0116071,0.0284071,0.00710744,0.0121866,116.308,-0.0368948,-0.142035,-0.224416
14.334,0.265264,0.0741534,0.0117605,0.0269583,0.00705631,0.0124991,116.528,-0.0369509,0.096584,0.16192
14.344,0.265981,0.0738528,0.0118628,0.0260493,0.00669838,0.0124139,116.528,-0.037738,-0.0511327,-0.485761
14.354,0.266697,0.0735458,0.0111981,0.0234074,0.00659612,0.0119026,116.748,-0.0386028,-0.357929,0.230097
14.364,0.267411,0.0732348,0.0110447,0.0207656,0.00623819,0.0115617,116.968,-0.0382429,0.130672,-0.599389
14.374,0.268124,0.0729222,0.010789,0.0200838,0.00654498,0.0101981,116.968,-0.0388151,0.0624955,0.173283
14.384,0.268836,0.0726058,0.00997087,0.0174703,0.00664725,0.0117889,117.188,-0.0391052,-0.48292,0.048292
14.394,0.269547,0.0722862,0.00961295,0.0139763,0.00680065,0.011931,117.408,-0.0394275,0.0624955,-0.349407
14.404,0.270256,0.0719611,0.00925502,0.0121298,0.00628932,0.00928911,117.408,-0.0405515,-0.107947,-0.542575
14.414,0.270965,0.0716324,0.00910162,0.0100845,0.00572686,0.00536893,117.628,-0.0398164,-0.0284071,-0.451672
14.424,0.271672,0.0713026,0.00899935,0.0076415,0.0056246,0.00292593,117.847,-0.0406762,-0.244301,-0.0426106
14.434,0.272378,0.0709675,0.00859029,0.00553937,0.00557346,0.00247141,118.067,-0.0411441,0.142035,-0.0880619
14.444,0.273083,0.0706284,0.00802783,0.0032384,0.00572686,0.0024146,118.287,-0.0415003,-0.414743,-0.0653362
14.454,0.273786,0.0702849,0.00818123,0.000142035,0.00572686,0.00193168,118.507,-0.0420404,0.0852212,-0.269867
14.464,0.274489,0.0699382,0.00761877,-0.00210212,0.00618706,0.00176124,118.507,-0.0419867,-0.267026,0.0823804
14.474,0.275191,0.0695891,0.00736311,-0.00437469,0.00628932,0.00196009,118.727,-0.0424793,0.130672,-0.28123
14.484,0.275892,0.0692363,0.00726084,-0.0056246,0.00710744,0.00249982,118.947,-0.0428139,-0.107947,0.24146
14.494,0.276592,0.0689339,0.00731197,-0.00715858,0.00685178,0.00230097,119.167,-0.025017,0.0511327,-0.64484
14.504,0.277292,0.0686683,0.00726084,-0.0076415,0.00710744,0.00116469,119.386,-0.0389676,0.130672,0.264186
14.514,0.27799,0.0683873,0.00654498,-0.00894822,0.00705631,0.00156239,119.606,-0.0305719,-0.255663,-0.406221
14.524,0.278687,0.0681259,0.00557346,-0.0125559,0.00710744,0.00167602,119.826,-0.0343256,-0.346566,0.286911
14.534,0.279384,0.0678549,0.00526667,-0.0161068,0.00639159,0.000823804,120.046,-0.0343688,-0.0624955,-0.849371
14.544,0.28008,0.0676422,0.00490874,-0.0183225,0.00634045,-0.00150557,120.266,-0.0142552,-0.0284071,0.252823
14.554,0.280775,0.0675461,0.00455081,-0.020311,0.00593139,-0.00196009,120.266,-0.00489846,-0.0852212,-0.531212
14.564,0.281471,0.0674909,0.00368155,-0.0227825,0.00557346,-0.00468716,120.486,-0.0133806,-0.176124,-0.235779
14.574,0.282165,0.0674458,0.00347702,-0.0244017,0.0054712,-0.00573822,120.486,-0.00528179,0.187487,-0.0426106
14.584,0.28286,0.0674539,0.00301683,-0.0249698,0.00526667,-0.00602229,120.486,2.43827e-05,-0.0397699,-0.156239
14.594,0.283511,0.0674243,0.00317023,-0.0253391,0.0051644,-0.005653,120.486,-0.024267,0.221575,0.0937433
14.604,0.284161,0.0673286,0.00224984,-0.0263049,0.0051644,-0.00536893,120.706,-0.0141552,-0.301115,-0.303955
14.614,0.284812,0.0672529,0.00138058,-0.0290888,0.00460194,-0.00676088,120.706,-0.0144898,-0.096584,-0.258504
14.624,0.285464,0.0671767,0.00076699,-0.0305092,0.00434628,-0.00772672,120.706,-0.0142725,0.130672,-0.0994247
14.634,0.286115,0.0671011,0.00056246,-0.0308217,0.00439741,-0.00798238,120.925,-0.014362,0.0852212,-0.110787
14.644,0.286768,0.0670278,-0.000204531,-0.0309921,0.00409062,-0.00914707,120.925,-0.0135324,0.096584,-0.383495
14.654,0.287421,0.0669581,-0.000511327,-0.0311625,0.00388608,-0.0110503,120.925,-0.0135034,0.0511327,-0.190327
14.664,0.288075,0.0668905,-0.00127832,-0.0327533,0.00393722,-0.0113628,121.145,-0.0132281,-0.278389,0.048292
14.674,0.288729,0.0668247,-0.00138058,-0.0355088,0.00388608,-0.0114196,121.145,-0.013183,-0.0852212,-0.269867
14.684,0.289385,0.0667616,-0.00168738,-0.0368155,0.00357929,-0.0134365,121.145,-0.0125478,0.153398,-0.428946
14.694,0.29004,0.0667014,-0.00204531,-0.0372132,0.00322136,-0.0145444,121.365,-0.012683,0.0284071,0.127832
14.704,0.290697,0.0666443,-0.00214757,-0.037753,0.0029657,-0.0145728,121.365,-0.0117318,0.0738583,-0.315318
14.714,0.291355,0.0665912,-0.00240324,-0.0386336,0.00291456,-0.0144592,121.585,-0.0118935,-0.0852212,0.207371
14.724,0.292014,0.0665403,-0.00276117,-0.0393154,0.00245437,-0.0139763,121.585,-0.0113762,0.187487,-0.383495
14.734,0.292673,0.0664928,-0.00306796,-0.0399971,0.00224984,-0.0142603,121.585,-0.0111552,-0.164761,0.127832
14.744,0.293334,0.0671669,-0.00311909,-0.0403238,0.00219871,-0.0139479,121.585,-0.0153602,0.0511327,0.0568141
14.754,0.293995,0.067817,-0.00368155,-0.0406789,0.00214757,-0.0139479,121.365,-0.0126938,-0.318159,0.0681769
14.764,0.294658,0.0676881,-0.00363042,-0.042014,0.00168738,-0.0146296,120.925,-0.0129056,0.0454513,-0.284071
14.794,0.295366,0.0668644,-0.00383495,-0.0426106,0.00184078,-0.0149847,121.145,-0.00740957,0.0624955,-0.0340885
14.824,0.296121,0.0658308,-0.00414175,-0.0433018,0.00102265,-0.0149563,121.585,-0.00625154,0.0523952,-0.165392
14.834,0.296876,0.0650932,-0.00424401,-0.0439268,0.00112492,-0.0149705,122.245,-0.00808287,0.103528,0.138563
14.844,0.297632,0.0651806,-0.00495987,-0.0440972,0.000869256,-0.0140331,122.684,-0.00716127,0.114891,-0.406852
14.854,0.29839,0.0652749,-0.00465307,-0.0433018,0.000664725,-0.0142887,122.684,-0.00662608,0.308059,-0.134144
14.864,0.299149,0.0653743,-0.00475534,-0.0422508,0.000715858,-0.014374,122.684,-0.00628596,0.0580766,-0.384126
14.874,0.299909,0.0654784,-0.00470421,-0.040802,0.00112492,-0.014374,122.684,-0.00568596,0.444413,-0.0432418
14.884,0.30067,0.0655876,-0.00455081,-0.0385862,0.00107379,-0.0140615,122.684,-0.00531065,0.126254,-0.395489
14.894,0.301432,0.0657015,-0.00485761,-0.0381317,0.000664725,-0.0144024,122.684,-0.00471127,0.00126254,-0.145507
14.904,0.302194,0.0658194,-0.0051644,-0.0385862,-0.00138058,-0.0165897,122.684,-0.00466682,0.0126254,-0.918179
14.914,0.302957,0.0659407,-0.0051644,-0.0386999,-0.00138058,-0.0189475,122.684,-0.00400015,0.171705,0.138563
14.924,0.303721,0.0660675,-0.00577799,-0.0387851,-0.000920388,-0.017101,122.684,-0.00340262,-0.0214631,-0.031879
14.934,0.304487,0.0661998,-0.00613592,-0.0388419,-0.00107379,-0.016817,122.684,-0.00283472,0.228519,-0.486392
14.944,0.305253,0.0663372,-0.00542007,-0.03745,-0.000971521,-0.0174419,122.684,-0.00242299,0.296696,-0.122782
14.954,0.306021,0.0664795,-0.0056246,-0.0360296,-0.00107379,-0.0180385,122.684,-0.00182114,0.126254,-0.509117
14.964,0.30679,0.0666261,-0.0054712,-0.0350638,-0.00112492,-0.0192884,122.465,-0.00167546,0.19443,-0.179596
14.974,0.307559,0.0667756,-0.00618706,-0.0356035,-0.00132945,-0.020936,122.465,-0.00137855,-0.271445,-0.656834
14.984,0.308329,0.0669269,-0.00598252,-0.0365978,-0.00143172,-0.0222995,122.465,-0.00149028,0.296696,0.0590235
14.994,0.3091,0.0670814,-0.00588026,-0.0357455,-0.00178964,-0.0224984,122.465,-0.000524228,0.126254,-0.543206
15.004,0.30987,0.0672408,-0.00536893,-0.0335298,-0.00240324,-0.0245437,122.245,-0.0004125,0.603492,-0.350038
15.014,0.310643,0.067405,-0.00557346,-0.0302914,-0.00245437,-0.0253107,122.245,0.000612191,0.160342,-0.15687
15.024,0.311417,0.067574,-0.00542007,-0.0289278,-0.0023521,-0.0238051,122.245,0.000399846,0.126254,0.149926
15.034,0.312191,0.0677447,-0.00536893,-0.0279052,-0.00276117,-0.0229813,122.025,0.000751698,0.171705,-0.577294
15.044,0.312966,0.0679181,-0.00567573,-0.0273939,-0.00286343,-0.023521,122.025,0.000938117,0.0239882,-0.0205162
15.054,0.313741,0.0680929,-0.0056246,-0.0260019,-0.00291456,-0.0222995,122.025,0.000891821,0.489864,-0.168233
15.064,0.314516,0.0682693,-0.0053178,-0.0236441,-0.00230097,-0.0207656,121.805,0.00132269,0.114891,0.0135723
15.074,0.315293,0.0684496,-0.00521553,-0.0223658,-0.00224984,-0.0193168,121.805,0.0018838,0.228519,-0.281861
15.084,0.316071,0.0686901,-0.005011,-0.0216272,-0.00209644,-0.0188623,121.805,0.0211517,-0.0101003,-0.179596
15.094,0.316849,0.068989,-0.00490874,-0.0201501,-0.00240324,-0.0190895,121.585,0.0115918,0.535315,-0.429578
15.104,0.317629,0.0692704,-0.00449968,-0.0163435,-0.0028123,-0.0194872,121.365,0.0118665,0.43305,-0.100056
15.114,0.318363,0.0694932,-0.00455081,-0.0138437,-0.00311909,-0.0191464,121.365,-0.00847423,0.0580766,-0.293224
15.124,0.319053,0.0695968,-0.00434628,-0.0129347,-0.00291456,-0.0190611,121.145,-0.0183384,0.148979,-0.15687
15.134,0.319743,0.0696598,-0.00470421,-0.0118836,-0.00286343,-0.0181805,121.145,-0.00887299,0.183068,-0.111419
15.144,0.320434,0.0697416,-0.00455081,-0.0106621,-0.00286343,-0.0173283,121.145,-0.00842299,0.205793,-0.225047
15.154,0.321125,0.0698235,-0.00449968,-0.00875884,-0.00245437,-0.0165897,120.925,-0.00886003,0.35351,-0.122782
15.164,0.321817,0.069906,-0.00419288,-0.0069692,-0.00240324,-0.0159364,120.925,-0.00809892,0.0921651,-0.270498
15.174,0.322509,0.0699884,-0.00434628,-0.00648628,-0.0023521,-0.0153682,120.925,-0.00911867,0.0694395,-0.100056
15.184,0.323203,0.070069,-0.00403948,-0.00534999,-0.00301683,-0.0153398,120.925,-0.00843349,0.35351,-0.452303
15.194,0.323896,0.0701508,-0.00363042,-0.00347513,-0.0028123,-0.015283,120.706,-0.00876929,0.171705,0.0362979
15.204,0.324589,0.0702296,-0.00276117,-0.00111734,-0.000818123,-0.0109367,120.706,-0.00942176,0.478501,0.57035
15.214,0.325283,0.0703064,-0.0026589,0.00124044,-0.000818123,-0.00701654,120.706,-0.00902978,0.0467138,-0.486392
15.224,0.325978,0.0703839,-0.00178964,0.00334256,-0.00076699,-0.00695973,120.706,-0.00906806,0.512589,-0.225047
15.234,0.326673,0.0704595,-0.00184078,0.00504699,-0.000255663,-0.00585185,120.706,-0.00966435,-0.16918,-0.0432418
15.244,0.327367,0.070532,-0.00158511,0.00575716,-0.000306796,-0.00505646,120.486,-0.0098088,0.455775,-0.361401
15.254,0.328061,0.0706017,-0.00117605,0.00771725,0.000102265,-0.00392017,120.486,-0.0102878,0.0694395,0.149926
15.264,0.328755,0.0713667,-0.000818123,0.00882512,0.000255663,-0.00271287,120.486,-0.0148622,0.0751209,-0.15687
15.274,0.329449,0.072345,-0.000818123,0.00948796,0.000460194,-0.00205951,120.046,-0.016106,-0.0738583,-0.0142035
15.284,0.330144,0.0730302,-0.000715858,0.00974362,0.000613592,-0.000909026,119.386,-0.0135321,0.0227256,-0.204531
15.294,0.330838,0.0728956,-0.000306796,0.0117889,0.000971521,-0.000369292,118.947,-0.0139278,0.454513,0.261345
15.304,0.331533,0.0727579,-6.04262e-18,0.0135502,0.00153398,0.00190327,118.947,-0.0143352,-0.249982,0.204531
15.314,0.332227,0.0726165,0.000818123,0.0144592,0.00189191,0.00335203,118.947,-0.0147981,0.409062,-0.0340885
15.324,0.33292,0.0724712,0.000971521,0.0161636,0.00178964,0.00258504,119.167,-0.015163,-0.159079,-0.295433
15.334,0.333614,0.0723234,0.00127832,0.0160784,0.00214757,0.00224416,119.167,-0.0151401,0.0454513,0.295433
15.344,0.334307,0.0721736,0.00153398,0.0172147,0.00245437,0.00440309,119.167,-0.0155093,0.215894,0.227256
15.354,0.334999,0.0720211,0.00178964,0.0190043,0.00245437,0.00877778,119.167,-0.015771,0.124991,0.749946
15.364,0.335692,0.0718657,0.00224984,0.0203963,0.0029657,0.0126411,119.386,-0.0161037,0.0795397,-0.227256
15.374,0.336383,0.0717068,0.00271003,0.0226404,0.0029657,0.0115901,119.386,-0.0165556,0.374973,-0.318159
15.384,0.337074,0.0715437,0.00332362,0.0257936,0.00332362,0.0113912,119.386,-0.0170512,0.193168,0.329522
15.394,0.337764,0.0713762,0.00378382,0.0263902,0.00388608,0.0132661,119.606,-0.017466,-0.329522,0.0909026
15.404,0.338453,0.0712042,0.00414175,0.0263617,0.00460194,0.0151126,119.606,-0.0180049,0.306796,0.261345
15.414,0.339141,0.0710285,0.00455081,0.0278673,0.00465307,0.0163909,119.606,-0.0181154,-0.0113628,-0.136354
15.424,0.339828,0.0708496,0.00465307,0.0293445,0.00465307,0.0164477,119.826,-0.0186253,0.306796,0.0681769
15.434,0.340515,0.0706679,0.00511327,0.0309921,0.00480647,0.0171579,119.826,-0.0185358,-0.0681769,0.0681769
15.444,0.341202,0.0704841,0.00577799,0.0319011,0.00490874,0.0182373,120.046,-0.0190556,0.193168,0.147717
15.454,0.341888,0.0702976,0.00572686,0.0317591,0.00475534,0.0196293,120.046,-0.0190506,-0.374973,0.102265
15.464,0.342572,0.070106,0.00613592,0.0315318,0.00470421,0.0201406,120.266,-0.0205099,0.397699,-0.102265
15.474,0.343256,0.0699091,0.00654498,0.0332931,0.00485761,0.0199702,120.266,-0.0199648,-0.0227256,0.0227256
15.484,0.343939,0.0697103,0.00628932,0.032867,0.00588026,0.0224416,120.486,-0.0207333,-0.193168,0.624955
15.494,0.344621,0.0695074,0.00639159,0.0328954,0.00644272,0.0259072,120.486,-0.0208796,0.249982,-0.0227256
15.504,0.345303,0.0693034,0.00618706,0.0333215,0.00680065,0.0269015,120.706,-0.0206315,-0.204531,0.0340885
15.514,0.345984,0.0690972,0.00654498,0.0327533,0.00695405,0.026447,120.925,-0.0214951,0.0795397,-0.295433
15.544,0.346709,0.0681686,0.00674952,0.0326255,0.00644272,0.024913,120.925,-0.0170403,0.178964,0.0397699
15.554,0.347434,0.0672668,0.00726084,0.0327817,0.00623819,0.0242738,121.585,-0.0193738,0.130672,-0.0596548
15.564,0.348157,0.067147,0.00736311,0.0332362,0.00588026,0.0239045,122.025,-0.0203293,-0.0511327,0.0312478
15.574,0.34888,0.0670237,0.00731197,0.0322988,0.00608479,0.0250408,122.245,-0.0199349,-0.187487,0.258504
15.584,0.349603,0.0669591,0.00761877,0.0321284,0.00639159,0.0271145,122.245,-0.000250309,0.278389,0.110787
15.594,0.350325,0.0670114,0.00818123,0.0335771,0.00685178,0.0282224,122.465,0.00975093,0.096584,-0.048292
15.604,0.351047,0.0671015,0.00848803,0.0350827,0.00690291,0.0283076,122.465,-0.000652778,0.232938,-0.0823804
15.614,0.351768,0.0671689,0.00899935,0.0365883,0.00741424,0.0290178,122.465,-0.000964506,0.0284071,0.20169
15.624,0.352488,0.067233,0.00925502,0.0371564,0.00756764,0.0294439,122.465,-0.00140772,0.0284071,-0.252823
15.634,0.353208,0.0672939,0.00884596,0.0361054,0.00772104,0.0289042,122.465,-0.0015713,-0.346566,0.076699
15.644,0.353929,0.0673544,0.00894822,0.0352247,0.0078233,0.0293019,122.465,-0.00115154,0.289752,-0.0255663
15.654,0.354649,0.0674149,0.00910162,0.0357929,0.0078233,0.0304382,122.465,-0.00157685,-0.107947,0.258504
15.664,0.355369,0.067474,0.00945955,0.03531,0.00787443,0.031262,122.465,-0.00149352,0.0284071,-0.24146
15.674,0.35609,0.0675335,0.00976634,0.0343725,0.00787443,0.0273134,122.465,-0.00132006,-0.221575,-0.877778
15.684,0.35681,0.0675921,0.00940842,0.0326965,0.00695405,0.022541,122.465,-0.0018608,-0.0624955,0.00852212
15.694,0.35753,0.0676486,0.00951068,0.0309637,0.00705631,0.0222001,122.245,-0.00181142,-0.221575,0.20169
15.704,0.358251,0.0677057,0.00899935,0.029174,0.00695405,0.021774,122.245,-0.00146883,-0.0170442,-0.309637
15.714,0.358972,0.0677635,0.00879482,0.0280662,0.00628932,0.0197003,122.245,-0.00166327,-0.0852212,-0.16192
15.724,0.359694,0.0678232,0.00838576,0.0261913,0.00603366,0.0179106,122.245,-0.000858951,-0.244301,-0.184646
15.734,0.360416,0.0678851,0.00853916,0.0247425,0.00593139,0.0167175,122.245,-0.00125833,0.107947,0.00852212
15.744,0.361139,0.0679476,0.00864142,0.0250266,0.0056246,0.0158085,122.245,-0.000794136,0.107947,-0.196009
15.754,0.361862,0.0680111,0.00935728,0.0263333,0.00588026,0.0152688,122.245,-0.00114228,0.267026,0.133513
15.764,0.362585,0.0680742,0.00930615,0.0265322,0.00588026,0.0151268,122.245,-0.000976235,-0.32384,-0.207371
15.774,0.363309,0.0681376,0.00966408,0.0255095,0.00582913,0.0134507,122.245,-0.00103549,0.142035,-0.218734
15.784,0.364033,0.0682023,0.00945955,0.024146,0.00552233,0.0115191,122.245,-0.000574383,-0.448831,-0.184646
15.794,0.364758,0.0682709,0.00951068,0.0222427,0.0054712,0.0108373,122.245,4.47531e-05,0.198849,0.144876
15.804,0.365484,0.0683425,0.00991974,0.0228109,0.00536893,0.0105248,122.245,-2.5e-05,0.0852212,-0.24146
15.814,0.366211,0.0684162,0.00997087,0.0226972,0.0056246,0.00964419,122.245,0.00041142,-0.096584,0.0539734
15.824,0.366939,0.0684929,0.0101754,0.0222143,0.00577799,0.0100703,122.245,0.000634259,0.0397699,0.0539734
15.834,0.367667,0.068572,0.0101754,0.0214757,0.00582913,0.00958738,122.245,0.000815123,-0.176124,-0.264186
15.844,0.368351,0.0685943,0.0100731,0.0197997,0.00577799,0.00864995,122.025,-0.0187917,-0.130672,0.0539734
15.854,0.369035,0.0685601,0.00997087,0.0179248,0.00613592,0.00882039,122.025,-0.00868117,-0.176124,-0.0142035
15.864,0.369722,0.0685498,0.00961295,0.0156807,0.00659612,0.00867835,122.245,-0.00768426,-0.187487,-0.0710176
15.874,0.370408,0.0685439,0.00971521,0.0142887,0.00654498,0.00722959,122.245,-0.00789722,0.0852212,-0.343725
15.884,0.371095,0.0685396,0.00940842,0.0131241,0.00618706,0.00532632,122.245,-0.00750957,-0.244301,-0.0369292
15.894,0.371782,0.0685389,0.00930615,0.0117321,0.00552233,0.00396278,122.245,-0.00702685,0.0852212,-0.230097
15.904,0.37247,0.0685414,0.00905049,0.0105958,0.0056246,0.00299694,122.245,-0.00694228,-0.255663,0.0994247
15.914,0.373158,0.0685453,0.00833463,0.00721539,0.00536893,0.00268447,122.245,-0.00692253,-0.437469,-0.173283
15.924,0.373848,0.0685519,0.00792557,0.00471557,0.00480647,0.00143456,122.245,-0.00621451,0.164761,-0.127832
15.934,0.374537,0.0685625,0.00772104,0.00386336,0.00429515,0.000184646,122.245,-0.00602623,-0.176124,-0.139195
15.944,0.375227,0.0685751,0.00756764,0.00210212,0.00434628,-0.00052553,122.245,-0.00600093,-0.096584,0.0312478
15.954,0.375918,0.0685905,0.00736311,0.00159079,0.00444854,-0.00197429,122.245,-0.00537377,0.164761,-0.411902
15.964,0.376608,0.0686091,0.00710744,0.00139195,0.00511327,-0.00328101,122.245,-0.00530895,-0.153398,0.224416
15.974,0.377299,0.0686289,0.00669838,0.000426106,0.00593139,-0.00183225,122.245,-0.00539105,0.00568141,0.156239
15.984,0.377991,0.0686506,0.00654498,-0.000568141,0.00608479,-0.00112208,122.245,-0.00477253,-0.164761,-0.127832
15.994,0.378683,0.0693927,0.00613592,-0.00180385,0.00639159,-0.000411902,122.245,-0.00960818,-0.286911,0.150557
16.004,0.379374,0.0701059,0.00572686,-0.00357929,0.00608479,0.000142035,121.805,-0.00730679,-0.272708,-0.227256
16.014,0.380067,0.0700371,0.00552233,-0.00528371,0.00618706,0.000284071,121.365,-0.00613148,0.0681769,0.227256
16.024,0.38076,0.0699713,0.00542007,-0.00536893,0.00593139,0.000340885,121.585,-0.00690864,0.0454513,-0.306796
16.034,0.381453,0.0699052,0.00511327,-0.00630637,0.00603366,-0.00102265,121.585,-0.00634383,-0.261345,0.0113628
16.044,0.382146,0.0698412,0.00480647,-0.00874937,0.00623819,-0.00153398,121.585,-0.00638457,-0.249982,-0.0681769
16.054,0.38284,0.0697789,0.00393722,-0.0118173,0.00577799,-0.00269867,121.585,-0.00596975,-0.329522,-0.170442
16.064,0.383533,0.0697184,0.00342589,-0.0149989,0.00582913,-0.00417584,121.585,-0.00609321,-0.193168,-0.0909026
16.074,0.384227,0.0696595,0.00276117,-0.017584,0.00613592,-0.00440309,121.585,-0.00554383,-0.181805,0.170442
16.104,0.384968,0.0688721,0.00230097,-0.0178396,0.00613592,-0.00438889,121.805,-0.000669753,0.0880619,0.0426106
16.114,0.385708,0.0681146,0.00194304,-0.0176834,0.00588026,-0.00502805,122.245,-0.00329429,-0.286911,0.0539734
16.124,0.386448,0.0681581,0.00143172,-0.0195298,0.00567573,-0.00588026,122.684,-0.00333997,-0.286911,0.167602
16.134,0.387188,0.0682008,0.00138058,-0.0210638,0.00521553,-0.00687451,122.684,-0.00347454,-0.127832,-0.00284071
16.144,0.387927,0.0682427,0.00102265,-0.0224842,0.00470421,-0.0084653,122.684,-0.00347701,-0.298274,0.0653362
16.154,0.388667,0.0682846,0.00076699,-0.0231944,0.00439741,-0.00801079,122.684,-0.00335478,0.0994247,0.5653
16.164,0.389407,0.0683273,0.00056246,-0.023166,0.00470421,-0.00636318,122.684,-0.00325602,-0.252823,0.133513
16.174,0.390147,0.0683696,0.000153398,-0.0235636,0.00434628,-0.00678929,122.684,-0.00354676,0.0198849,0.0198849
16.184,0.390887,0.0684113,0.000204531,-0.0227967,0.00429515,-0.00630637,122.684,-0.0033517,-0.00284071,0.508486
16.194,0.391627,0.0684525,0.00056246,-0.021149,0.00398835,-0.0052269,122.684,-0.00373503,0.190327,0.0198849
16.204,0.392366,0.0684915,0.000204531,-0.020865,0.00444854,-0.00471557,122.684,-0.00394923,-0.491442,0.440309
16.214,0.393106,0.0685281,-1.26057e-17,-0.0226546,0.00424401,-0.00357929,122.684,-0.00428133,-0.116469,0.0994247
16.224,0.393846,0.0685639,-0.000409062,-0.0247567,0.00398835,-0.00457354,122.684,-0.0038733,-0.52553,-0.0710176
16.234,0.394586,0.0686009,-0.000613592,-0.0267168,0.00357929,-0.00616433,122.684,-0.00390664,0.0880619,0.110787
16.244,0.395326,0.0686378,-0.00076699,-0.0271998,0.00378382,-0.00613592,122.684,-0.00391034,-0.286911,0.383495
16.254,0.396067,0.0686751,-0.00056246,-0.027285,0.00419288,-0.00428946,122.684,-0.00381836,0.20169,0.440309
16.282,0.39685,0.0679695,-0.00056246,-0.0266062,0.00383495,-0.00373627,122.684,0.000686858,-0.0841431,0.162849
16.286,0.39762,0.0674505,-0.00076699,-0.0277709,0.00311909,-0.00491162,123.124,-0.00526267,-0.204163,0.246827
16.304,0.398407,0.0674072,-0.000715858,-0.0287419,0.00240324,-0.00718418,123.344,0.00340428,0.165927,0.14212
16.314,0.399195,0.0670508,-0.000869256,-0.0289813,0.00168738,-0.00934312,123.564,0.00139163,-0.0571553,0.267111
16.324,0.399984,0.067183,-0.000971521,-0.0297483,0.00194304,-0.00991126,123.784,0.0014583,0.136013,0.721624
16.354,0.400819,0.0665392,-0.00107379,-0.0295921,0.00163625,-0.0096698,123.564,0.0264463,0.133172,0.627881
16.364,0.401655,0.0659849,-0.00138058,-0.0295637,0.00173851,-0.0103942,124.004,0.0139507,0.0877206,0.500049
16.374,0.402492,0.066316,-0.00076699,-0.0282853,0.00184078,-0.0112748,124.443,0.0132384,0.655862,0.454598
