0,0,0,0,0,0,0.00028337
6.1778e-08,1.7072e-05,-1.7534e-07,-4.8333e-05,-1.3654e-09,-5.142e-07,0.0031231
4.3727e-07,6.2598e-05,-1.2322e-06,-0.00017549,-1.9812e-08,-3.8938e-06,0.0059613
1.4116e-06,0.00013656,-3.9468e-06,-0.0003786,-9.9614e-08,-1.3336e-05,0.0087966
3.2694e-06,0.00023891,-9.0637e-06,-0.00065427,-3.197e-07,-3.254e-05,0.011628
6.2953e-06,0.00036962,-1.7291e-05,-0.00099865,-7.9814e-07,-6.5601e-05,0.014453
1.0773e-05,0.0005286,-2.9297e-05,-0.0014075,-1.6956e-06,-0.0001169,0.017271
1.6985e-05,0.00071579,-4.5706e-05,-0.0018764,-3.2175e-06,-0.00019098,0.020081
2.5215e-05,0.0009311,-6.7094e-05,-0.0024005,-5.6153e-06,-0.00029246,0.022881
3.5743e-05,0.0011744,-9.3992e-05,-0.002975,-9.1868e-06,-0.00042592,0.02567
4.8849e-05,0.0014456,-0.00012688,-0.0035949,-1.4275e-05,-0.00059579,0.028447
6.4813e-05,0.0017446,-0.00016619,-0.0042554,-2.1265e-05,-0.00080628,0.031209
8.3912e-05,0.0020712,-0.0002123,-0.0049516,-3.0585e-05,-0.0010613,0.033956
0.00010642,0.0024252,-0.00026555,-0.0056788,-4.2699e-05,-0.0013642,0.036687
0.00013262,0.0028065,-0.00032622,-0.0064324,-5.8102e-05,-0.0017183,0.039399
0.00016277,0.0032149,-0.00039456,-0.0072082,-7.7321e-05,-0.0021259,0.042093
0.00019715,0.0036502,-0.00047077,-0.0080019,-0.0001009,-0.002589,0.044766
0.00023603,0.0041121,-0.00055501,-0.0088099,-0.00012941,-0.0031091,0.047416
0.00027967,0.0046006,-0.0006474,-0.0096287,-0.00016342,-0.003687,0.050044
0.00032833,0.0051152,-0.00074804,-0.010455,-0.00020351,-0.0043228,0.052647
0.00038229,0.0056558,-0.00085699,-0.011286,-0.00025026,-0.0050162,0.055225
0.00044179,0.0062221,-0.00097428,-0.01212,-0.00030425,-0.005766,0.057775
0.00050709,0.0068138,-0.0010999,-0.012953,-0.00036603,-0.0065708,0.060297
0.00057846,0.0074307,-0.0012339,-0.013785,-0.00043613,-0.0074282,0.062789
0.00065613,0.0080723,-0.0013762,-0.014613,-0.00051509,-0.0083357,0.06525
0.00074035,0.0087385,-0.0015268,-0.015437,-0.00060338,-0.0092901,0.06768
0.00083137,0.0094289,-0.0016857,-0.016255,-0.00070146,-0.010288,0.070076
0.00092943,0.010143,-0.0018526,-0.017066,-0.00080973,-0.011325,0.072438
0.0010348,0.010881,-0.0020277,-0.01787,-0.00092858,-0.012397,0.074764
0.0011476,0.011642,-0.0022108,-0.018666,-0.0010583,-0.013499,0.077053
0.0012682,0.012425,-0.0024019,-0.019454,-0.0011993,-0.014628,0.079305
0.0013968,0.013231,-0.0026007,-0.020233,-0.0013516,-0.015777,0.081517
0.0015335,0.014059,-0.0028074,-0.021003,-0.0015156,-0.016942,0.08369
0.0016786,0.014909,-0.0030217,-0.021764,-0.0016913,-0.018117,0.085821
0.0018324,0.015779,-0.0032436,-0.022516,-0.0018787,-0.019298,0.08791
0.001995,0.016671,-0.003473,-0.023258,-0.0020781,-0.02048,0.089956
0.0021666,0.017582,-0.0037098,-0.02399,-0.0022893,-0.021658,0.091958
0.0023475,0.018514,-0.0039539,-0.024712,-0.0025122,-0.022827,0.093914
0.0025378,0.019465,-0.0042051,-0.025422,-0.0027468,-0.023982,0.095824
0.0027377,0.020434,-0.0044634,-0.026121,-0.0029929,-0.025119,0.097688
0.0029475,0.021423,-0.0047287,-0.026807,-0.0032502,-0.026235,0.099503
0.0031672,0.022429,-0.0050007,-0.02748,-0.0035187,-0.027324,0.10127
0.0033971,0.023452,-0.0052795,-0.028138,-0.0037979,-0.028384,0.10299
0.0036374,0.024493,-0.0055647,-0.028781,-0.0040875,-0.029412,0.10465
0.0038882,0.02555,-0.0058563,-0.029406,-0.0043873,-0.030404,0.10627
0.0041496,0.026623,-0.0061541,-0.030013,-0.0046968,-0.031357,0.10783
0.0044219,0.027711,-0.0064579,-0.0306,-0.0050157,-0.032269,0.10934
0.0047051,0.028815,-0.0067674,-0.031164,-0.0053435,-0.033139,0.1108
0.0049995,0.029932,-0.0070825,-0.031705,-0.0056798,-0.033963,0.1122
0.0053052,0.031063,-0.0074029,-0.032221,-0.0060242,-0.034741,0.11355
0.0056222,0.032208,-0.0077283,-0.032708,-0.0063761,-0.035471,0.11485
0.0059508,0.033365,-0.0080584,-0.033166,-0.006735,-0.036152,0.11609
0.0062911,0.034535,-0.008393,-0.033592,-0.0071006,-0.036783,0.11727
0.0066431,0.035716,-0.0087316,-0.033985,-0.0074722,-0.037363,0.11839
0.007007,0.036908,-0.0090741,-0.034341,-0.0078493,-0.037891,0.11946
0.007383,0.03811,-0.0094199,-0.034659,-0.0082315,-0.038368,0.12047
0.007771,0.039322,-0.0097687,-0.034936,-0.0086182,-0.038792,0.12143
0.0081712,0.040544,-0.01012,-0.035172,-0.0090089,-0.039164,0.12232
0.0085837,0.041774,-0.010474,-0.035364,-0.0094031,-0.039482,0.12316
0.0090086,0.043012,-0.010829,-0.035509,-0.0098002,-0.039748,0.12394
0.0094459,0.044258,-0.011185,-0.035607,-0.0102,-0.039961,0.12466
0.0098958,0.045511,-0.011542,-0.035657,-0.010601,-0.04012,0.12532
0.010358,0.04677,-0.0119,-0.035655,-0.011004,-0.040226,0.12592
0.010833,0.048035,-0.012257,-0.035602,-0.011407,-0.040279,0.12647
0.011321,0.049305,-0.012613,-0.035496,-0.011811,-0.040278,0.12695
0.011822,0.050579,-0.012968,-0.035336,-0.012214,-0.040223,0.12738
0.012335,0.051858,-0.013321,-0.035122,-0.012617,-0.040114,0.12775
0.012861,0.05314,-0.013672,-0.034852,-0.013018,-0.039952,0.12805
0.0134,0.054424,-0.01402,-0.034527,-0.013418,-0.039736,0.1283
0.013952,0.055711,-0.014364,-0.034145,-0.013815,-0.039465,0.12849
0.014517,0.056999,-0.014704,-0.033708,-0.014209,-0.03914,0.12863
0.015095,0.058289,-0.015039,-0.033215,-0.014599,-0.03876,0.1287
0.015685,0.059579,-0.01537,-0.032666,-0.014985,-0.038325,0.12872
0.016289,0.060869,-0.015694,-0.032061,-0.015367,-0.037836,0.12867
0.016905,0.062158,-0.016012,-0.031402,-0.015744,-0.03729,0.12858
0.017535,0.063445,-0.016323,-0.030688,-0.016114,-0.03669,0.12842
0.018177,0.064731,-0.016627,-0.029922,-0.016479,-0.036034,0.12821
0.018832,0.066015,-0.016923,-0.029102,-0.016836,-0.035323,0.12794
0.0195,0.067295,-0.01721,-0.028232,-0.017187,-0.034556,0.12762
0.020181,0.068572,-0.017489,-0.027311,-0.017529,-0.033733,0.12724
0.020875,0.069845,-0.017758,-0.026341,-0.017863,-0.032856,0.1268
0.021581,0.071113,-0.018017,-0.025324,-0.018187,-0.031923,0.12631
0.0223,0.072376,-0.018265,-0.024261,-0.018502,-0.030936,0.12577
0.023032,0.073633,-0.018503,-0.023152,-0.018807,-0.029894,0.12518
0.023776,0.074884,-0.018729,-0.022001,-0.019101,-0.028799,0.12453
0.024533,0.076129,-0.018944,-0.020808,-0.019384,-0.027651,0.12383
0.025302,0.077366,-0.019146,-0.019575,-0.019656,-0.026451,0.12308
0.026084,0.078595,-0.019336,-0.018304,-0.019914,-0.0252,0.12228
0.026878,0.079816,-0.019513,-0.016997,-0.020161,-0.023899,0.12143
0.027684,0.081028,-0.019676,-0.015654,-0.020393,-0.02255,0.12053
0.028502,0.082231,-0.019826,-0.014279,-0.020612,-0.021153,0.11958
0.029332,0.083424,-0.019963,-0.012873,-0.020817,-0.01971,0.11859
0.030174,0.084606,-0.020084,-0.011437,-0.021007,-0.018223,0.11755
0.031028,0.085779,-0.020192,-0.0099738,-0.021182,-0.016694,0.11646
0.031894,0.086939,-0.020284,-0.008485,-0.021342,-0.015124,0.11532
0.032771,0.088089,-0.020362,-0.0069724,-0.021485,-0.013516,0.11415
0.033659,0.089226,-0.020424,-0.005438,-0.021613,-0.011871,0.11292
0.034559,0.090351,-0.020471,-0.0038836,-0.021723,-0.010193,0.11166
0.03547,0.091462,-0.020502,-0.002311,-0.021817,-0.0084823,0.11035
0.036393,0.092561,-0.020517,-0.00072227,-0.021893,-0.0067426,0.10901
0.037326,0.093646,-0.020516,0.00088075,-0.021952,-0.004976,0.10762
0.03827,0.094716,-0.020499,0.0024961,-0.021993,-0.003185,0.10619
0.039224,0.095772,-0.020466,0.0041219,-0.022016,-0.0013724,0.10472
0.040189,0.096813,-0.020417,0.0057561,-0.02202,0.00045924,0.10322
0.041165,0.097839,-0.020351,0.0073968,-0.022006,0.0023072,0.10168
0.042151,0.098849,-0.020268,0.0090421,-0.021974,0.0041688,0.1001
0.043146,0.099843,-0.020169,0.01069,-0.021923,0.0060412,0.098487
0.044152,0.10082,-0.020054,0.012338,-0.021853,0.0079217,0.09684
0.045167,0.10178,-0.019922,0.013985,-0.021764,0.0098075,0.095159
0.046192,0.10273,-0.019774,0.015628,-0.021656,0.011696,0.093446
0.047226,0.10365,-0.019609,0.017266,-0.02153,0.013584,0.0917
0.04827,0.10456,-0.019428,0.018897,-0.021384,0.015469,0.089924
0.049322,0.10545,-0.01923,0.020518,-0.02122,0.017348,0.088117
0.050383,0.10632,-0.019016,0.022127,-0.021036,0.019219,0.086282
0.051453,0.10718,-0.018787,0.023722,-0.020834,0.021079,0.084417
0.052532,0.10801,-0.018541,0.025302,-0.020614,0.022925,0.082525
0.053618,0.10883,-0.018279,0.026865,-0.020375,0.024755,0.080606
0.054713,0.10962,-0.018002,0.028407,-0.020118,0.026566,0.078661
0.055816,0.1104,-0.01771,0.029928,-0.019842,0.028356,0.076691
0.056926,0.11116,-0.017403,0.031426,-0.019549,0.030122,0.074696
0.058044,0.11189,-0.01708,0.032897,-0.019239,0.031863,0.072678
0.059169,0.11261,-0.016743,0.034342,-0.018911,0.033574,0.070637
0.060301,0.11331,-0.016392,0.035756,-0.018566,0.035256,0.068574
0.06144,0.11398,-0.016027,0.03714,-0.018204,0.036904,0.06649
0.062586,0.11463,-0.015648,0.03849,-0.017826,0.038518,0.064386
0.063738,0.11527,-0.015255,0.039806,-0.017432,0.040095,0.062262
0.064896,0.11588,-0.01485,0.041085,-0.017023,0.041633,0.060119
0.066061,0.11647,-0.014432,0.042325,-0.016598,0.04313,0.057958
0.067231,0.11703,-0.014002,0.043526,-0.016158,0.044585,0.05578
0.068406,0.11758,-0.013559,0.044685,-0.015704,0.045995,0.053585
0.069587,0.1181,-0.013106,0.045802,-0.015236,0.047359,0.051375
0.070774,0.1186,-0.012642,0.046874,-0.014755,0.048675,0.049149
0.071965,0.11908,-0.012167,0.0479,-0.014261,0.049942,0.046909
0.073161,0.11954,-0.011682,0.048879,-0.013754,0.051158,0.044656
0.074361,0.11997,-0.011187,0.04981,-0.013235,0.052322,0.04239
0.075565,0.12038,-0.010683,0.050692,-0.012705,0.053433,0.040112
0.076774,0.12077,-0.010171,0.051523,-0.012165,0.054488,0.037822
0.077986,0.12113,-0.0096506,0.052303,-0.011613,0.055487,0.035522
0.079202,0.12147,-0.0091227,0.053031,-0.011053,0.056429,0.033212
0.080421,0.12179,-0.0085878,0.053706,-0.010482,0.057313,0.030893
0.081643,0.12209,-0.0080463,0.054327,-0.0099039,0.058138,0.028566
0.082868,0.12236,-0.007499,0.054893,-0.0093173,0.058902,0.026231
0.084096,0.1226,-0.0069462,0.055405,-0.0087234,0.059606,0.023888
0.085326,0.12283,-0.0063886,0.055862,-0.0081227,0.060248,0.02154
0.086558,0.12303,-0.0058266,0.056263,-0.0075159,0.060827,0.019186
0.087792,0.12321,-0.005261,0.056608,-0.0069036,0.061344,0.016827
0.089027,0.12336,-0.0046921,0.056896,-0.0062865,0.061798,0.014464
0.090264,0.12349,-0.0041206,0.057129,-0.0056651,0.062188,0.012098
0.091503,0.12359,-0.0035471,0.057306,-0.0050401,0.062514,0.0097296
0.092742,0.12367,-0.0029721,0.057426,-0.0044122,0.062776,0.0073589
0.093982,0.12373,-0.0023962,0.05749,-0.003782,0.062973,0.0049871
0.095222,0.12377,-0.0018199,0.057499,-0.0031501,0.063107,0.0026149
0.096462,0.12378,-0.0012438,0.057452,-0.0025172,0.063176,0.00024308
0.097703,0.12376,-0.00066846,0.05735,-0.001884,0.063181,-0.0021277
0.098943,0.12372,-9.4401e-05,0.057194,-0.001251,0.063123,-0.0044966
0.10018,0.12366,0.00047782,0.056984,-0.00061888,0.063001,-0.0068629
0.10142,0.12358,0.0010477,0.05672,1.1675e-05,0.062816,-0.0092258
0.10266,0.12347,0.0016146,0.056403,0.00064007,0.06257,-0.011585
0.1039,0.12334,0.0021781,0.056034,0.0012657,0.062261,-0.013938
0.10513,0.12318,0.0027376,0.055615,0.0018879,0.061892,-0.016287
0.10637,0.123,0.0032927,0.055144,0.0025061,0.061462,-0.018628
0.1076,0.1228,0.0038429,0.054625,0.0031197,0.060973,-0.020962
0.10883,0.12257,0.0043875,0.054057,0.0037281,0.060426,-0.023289
0.11005,0.12232,0.0049263,0.053441,0.0043308,0.059822,-0.025606
0.11128,0.12205,0.0054586,0.05278,0.0049271,0.059162,-0.027913
0.1125,0.12175,0.0059841,0.052073,0.0055165,0.058447,-0.03021
0.11372,0.12143,0.0065023,0.051323,0.0060985,0.057679,-0.032495
0.11493,0.12109,0.0070127,0.05053,0.0066725,0.056858,-0.034769
0.11615,0.12073,0.007515,0.049695,0.007238,0.055987,-0.037029
0.11735,0.12034,0.0080087,0.048821,0.0077946,0.055068,-0.039274
0.11856,0.11993,0.0084935,0.047907,0.0083417,0.0541,-0.041505
0.11976,0.1195,0.0089689,0.046957,0.0088789,0.053087,-0.043721
0.12095,0.11904,0.0094346,0.045971,0.0094057,0.052029,-0.045919
0.12214,0.11857,0.0098903,0.044951,0.0099217,0.050929,-0.0481
0.12333,0.11807,0.010336,0.043898,0.010426,0.049789,-0.050262
0.12451,0.11755,0.01077,0.042814,0.01092,0.048609,-0.052405
0.12569,0.11701,0.011194,0.0417,0.011401,0.047393,-0.054528
0.12686,0.11645,0.011606,0.040559,0.011869,0.046142,-0.05663
0.12802,0.11586,0.012007,0.039391,0.012326,0.044858,-0.058709
0.12918,0.11526,0.012395,0.038198,0.012769,0.043542,-0.060765
0.13033,0.11464,0.012772,0.036983,0.013198,0.042198,-0.062797
0.13148,0.11399,0.013137,0.035746,0.013614,0.040826,-0.064804
0.13262,0.11333,0.013489,0.034489,0.014016,0.039429,-0.066785
0.13375,0.11264,0.013828,0.033214,0.014405,0.03801,-0.068739
0.13487,0.11194,0.014154,0.031924,0.014778,0.036569,-0.070666
0.13599,0.11122,0.014468,0.030618,0.015138,0.035109,-0.072563
0.1371,0.11048,0.014768,0.0293,0.015482,0.033633,-0.074431
0.13821,0.10972,0.015055,0.027971,0.015812,0.032141,-0.076268
0.1393,0.10894,0.015329,0.026632,0.016126,0.030637,-0.078074
0.14039,0.10814,0.015589,0.025285,0.016426,0.029122,-0.079847
0.14147,0.10733,0.015836,0.023933,0.01671,0.027599,-0.081586
0.14254,0.1065,0.016069,0.022576,0.016979,0.026068,-0.083291
0.14361,0.10565,0.016288,0.021216,0.017233,0.024533,-0.084961
0.14466,0.10478,0.016494,0.019856,0.017471,0.022995,-0.086594
0.14571,0.1039,0.016686,0.018496,0.017693,0.021456,-0.08819
0.14674,0.10301,0.016865,0.017138,0.017901,0.019919,-0.089749
0.14777,0.1021,0.01703,0.015783,0.018093,0.018384,-0.091268
0.14879,0.10117,0.017181,0.014434,0.018269,0.016854,-0.092747
0.1498,0.10023,0.017319,0.013092,0.018431,0.015331,-0.094186
0.1508,0.099273,0.017444,0.011758,0.018577,0.013816,-0.095584
0.15179,0.098304,0.017555,0.010434,0.018708,0.012312,-0.096939
0.15277,0.097322,0.017653,0.0091211,0.018824,0.010819,-0.098252
0.15374,0.096327,0.017738,0.0078206,0.018925,0.0093395,-0.09952
0.1547,0.095319,0.01781,0.0065339,0.019011,0.0078753,-0.10074
0.15565,0.0943,0.017869,0.0052624,0.019082,0.0064278,-0.10192
0.15659,0.093269,0.017915,0.0040074,0.01914,0.0049985,-0.10306
0.15752,0.092227,0.017949,0.0027699,0.019183,0.0035888,-0.10414
0.15844,0.091174,0.017971,0.0015513,0.019212,0.0022002,-0.10518
0.15935,0.090111,0.01798,0.00035253,0.019227,0.00083395,-0.10617
0.16024,0.089039,0.017978,-0.00082522,0.019228,-0.00050857,-0.10712
0.16113,0.087957,0.017964,-0.0019809,0.019217,-0.0018261,-0.10801
0.16201,0.086867,0.017938,-0.0031137,0.019192,-0.0031176,-0.10886
0.16287,0.085768,0.017901,-0.0042225,0.019154,-0.0043818,-0.10965
0.16373,0.084662,0.017854,-0.0053065,0.019104,-0.0056177,-0.1104
0.16457,0.083549,0.017795,-0.006365,0.019042,-0.0068242,-0.11109
0.1654,0.082429,0.017726,-0.007397,0.018968,-0.0080005,-0.11174
0.16622,0.081303,0.017647,-0.0084019,0.018882,-0.0091456,-0.11233
0.16703,0.080172,0.017558,-0.009379,0.018784,-0.010259,-0.11287
0.16783,0.079035,0.017459,-0.010328,0.018676,-0.011339,-0.11336
0.16862,0.077894,0.017351,-0.011248,0.018557,-0.012386,-0.1138
0.16939,0.076749,0.017234,-0.012138,0.018428,-0.013399,-0.11418
0.17015,0.0756,0.017108,-0.012998,0.018289,-0.014377,-0.11452
0.17091,0.074448,0.016973,-0.013828,0.01814,-0.01532,-0.1148
0.17165,0.073294,0.016831,-0.014628,0.017982,-0.016228,-0.11503
0.17237,0.072137,0.01668,-0.015396,0.017815,-0.017099,-0.11521
0.17309,0.07098,0.016522,-0.016133,0.017639,-0.017935,-0.11534
0.1738,0.069821,0.016357,-0.016839,0.017455,-0.018733,-0.11541
0.17449,0.068662,0.016185,-0.017513,0.017264,-0.019495,-0.11543
0.17517,0.067503,0.016006,-0.018155,0.017065,-0.02022,-0.11541
0.17584,0.066344,0.015821,-0.018766,0.016858,-0.020908,-0.11533
0.1765,0.065187,0.01563,-0.019344,0.016646,-0.021559,-0.1152
0.17715,0.064031,0.015433,-0.019891,0.016426,-0.022173,-0.11502
0.17779,0.062878,0.015231,-0.020406,0.016201,-0.02275,-0.11479
0.17841,0.061727,0.015024,-0.02089,0.015971,-0.023291,-0.11451
0.17902,0.060579,0.014813,-0.021342,0.015735,-0.023794,-0.11418
0.17963,0.059435,0.014597,-0.021763,0.015494,-0.024262,-0.11381
0.18022,0.058294,0.014376,-0.022152,0.015248,-0.024693,-0.11339
0.18079,0.057159,0.014153,-0.022512,0.014999,-0.025089,-0.11292
0.18136,0.056028,0.013925,-0.02284,0.014746,-0.025449,-0.1124
0.18192,0.054903,0.013695,-0.023139,0.014489,-0.025774,-0.11184
0.18246,0.053783,0.013462,-0.023408,0.014229,-0.026065,-0.11124
0.183,0.05267,0.013226,-0.023647,0.013966,-0.026322,-0.11059
0.18352,0.051564,0.012988,-0.023858,0.013701,-0.026545,-0.1099
0.18403,0.050465,0.012748,-0.02404,0.013434,-0.026736,-0.10916
0.18453,0.049374,0.012506,-0.024195,0.013166,-0.026894,-0.10839
0.18502,0.04829,0.012263,-0.024322,0.012895,-0.027021,-0.10757
0.1855,0.047215,0.012018,-0.024423,0.012624,-0.027117,-0.10672
0.18597,0.046149,0.011773,-0.024497,0.012352,-0.027183,-0.10583
0.18642,0.045092,0.011527,-0.024546,0.012079,-0.027219,-0.1049
0.18687,0.044044,0.011281,-0.02457,0.011806,-0.027227,-0.10394
0.18731,0.043007,0.011035,-0.024569,0.011534,-0.027206,-0.10294
0.18773,0.041979,0.010789,-0.024545,0.011261,-0.027159,-0.10191
0.18815,0.040962,0.010543,-0.024498,0.010989,-0.027086,-0.10084
0.18855,0.039956,0.010298,-0.024429,0.010718,-0.026987,-0.099745
0.18895,0.038962,0.010053,-0.024338,0.010448,-0.026863,-0.098619
0.18933,0.037978,0.0098101,-0.024227,0.01018,-0.026716,-0.097465
0.18971,0.037007,0.0095679,-0.024095,0.009913,-0.026546,-0.096283
0.19008,0.036047,0.0093272,-0.023944,0.0096479,-0.026354,-0.095075
0.19043,0.0351,0.009088,-0.023775,0.0093848,-0.026141,-0.093842
0.19078,0.034165,0.0088506,-0.023588,0.009124,-0.025907,-0.092585
0.19112,0.033243,0.0086152,-0.023383,0.0088656,-0.025655,-0.091306
0.19145,0.032333,0.008382,-0.023163,0.0086098,-0.025385,-0.090006
0.19177,0.031438,0.008151,-0.022927,0.0083568,-0.025097,-0.088686
0.19208,0.030555,0.0079225,-0.022676,0.0081068,-0.024792,-0.087348
0.19238,0.029686,0.0076965,-0.022411,0.0078599,-0.024472,-0.085993
0.19267,0.02883,0.0074733,-0.022133,0.0076163,-0.024137,-0.084621
0.19296,0.027989,0.0072529,-0.021843,0.0073761,-0.023789,-0.083236
0.19323,0.027161,0.0070355,-0.021541,0.0071395,-0.023428,-0.081837
0.1935,0.026348,0.0068211,-0.021228,0.0069065,-0.023055,-0.080426
0.19376,0.025548,0.00661,-0.020905,0.0066774,-0.02267,-0.079005
0.19401,0.024763,0.0064021,-0.020572,0.0064521,-0.022276,-0.077574
0.19426,0.023993,0.0061976,-0.020231,0.0062309,-0.021872,-0.076135
0.19449,0.023237,0.0059966,-0.019881,0.0060137,-0.02146,-0.07469
0.19472,0.022495,0.0057991,-0.019525,0.0058008,-0.02104,-0.073239
0.19494,0.021768,0.0056053,-0.019162,0.005592,-0.020614,-0.071783
0.19516,0.021056,0.0054151,-0.018793,0.0053876,-0.020181,-0.070325
0.19537,0.020358,0.0052286,-0.018419,0.0051875,-0.019743,-0.068864
0.19557,0.019675,0.0050459,-0.01804,0.0049918,-0.019301,-0.067403
0.19576,0.019007,0.004867,-0.017658,0.0048006,-0.018855,-0.065943
0.19595,0.018353,0.0046919,-0.017272,0.0046139,-0.018406,-0.064484
0.19613,0.017714,0.0045208,-0.016883,0.0044317,-0.017954,-0.063028
0.1963,0.017089,0.0043535,-0.016493,0.004254,-0.017502,-0.061575
0.19647,0.016479,0.0041902,-0.016101,0.0040809,-0.017048,-0.060128
0.19663,0.015884,0.0040308,-0.015708,0.0039123,-0.016594,-0.058686
0.19679,0.015302,0.0038753,-0.015315,0.0037482,-0.016141,-0.057251
0.19694,0.014736,0.0037238,-0.014922,0.0035887,-0.015688,-0.055825
0.19709,0.014183,0.0035762,-0.014529,0.0034338,-0.015238,-0.054407
0.19722,0.013645,0.0034325,-0.014138,0.0032833,-0.014789,-0.052999
0.19736,0.013121,0.0032928,-0.013748,0.0031373,-0.014343,-0.051602
0.19749,0.01261,0.003157,-0.013361,0.0029958,-0.013901,-0.050217
0.19761,0.012114,0.003025,-0.012976,0.0028587,-0.013462,-0.048844
0.19773,0.011631,0.0028968,-0.012593,0.0027259,-0.013027,-0.047485
0.19784,0.011162,0.0027725,-0.012215,0.0025975,-0.012597,-0.046139
0.19795,0.010706,0.002652,-0.011839,0.0024734,-0.012172,-0.044809
0.19806,0.010263,0.0025352,-0.011468,0.0023535,-0.011753,-0.043494
0.19816,0.0098339,0.0024221,-0.011101,0.0022378,-0.011339,-0.042195
0.19826,0.0094174,0.0023127,-0.010739,0.0021262,-0.010932,-0.040914
0.19835,0.0090137,0.0022068,-0.010382,0.0020186,-0.010531,-0.039649
0.19844,0.0086225,0.0021045,-0.01003,0.0019151,-0.010137,-0.038404
0.19852,0.0082437,0.0020057,-0.0096839,0.0018154,-0.0097499,-0.037176
0.1986,0.0078772,0.0019104,-0.0093433,0.0017196,-0.0093703,-0.035968
0.19868,0.0075226,0.0018184,-0.0090086,0.0016276,-0.0089984,-0.03478
0.19875,0.0071799,0.0017298,-0.00868,0.0015392,-0.0086343,-0.033612
0.19882,0.0068487,0.0016444,-0.0083577,0.0014545,-0.0082783,-0.032465
0.19889,0.006529,0.0015622,-0.008042,0.0013732,-0.0079304,-0.031338
0.19895,0.0062204,0.0014832,-0.0077329,0.0012955,-0.0075908,-0.030233
0.19902,0.0059229,0.0014072,-0.0074305,0.0012211,-0.0072597,-0.02915
0.19907,0.005636,0.0013342,-0.007135,0.0011499,-0.0069371,-0.028088
0.19913,0.0053597,0.0012642,-0.0068465,0.001082,-0.0066232,-0.027049
0.19918,0.0050937,0.001197,-0.0065651,0.0010171,-0.006318,-0.026032
0.19923,0.0048378,0.0011325,-0.0062907,0.0009553,-0.0060216,-0.025038
0.19928,0.0045917,0.0010708,-0.0060235,0.00089639,-0.005734,-0.024067
0.19932,0.0043553,0.0010118,-0.0057636,0.00084033,-0.0054552,-0.023119
0.19937,0.0041282,0.00095528,-0.0055108,0.00078701,-0.0051852,-0.022193
0.19941,0.0039103,0.00090128,-0.0052653,0.00073636,-0.004924,-0.021291
0.19944,0.0037013,0.00084971,-0.0050271,0.00068828,-0.0046715,-0.020412
0.19948,0.0035011,0.00080049,-0.004796,0.00064269,-0.0044278,-0.019556
0.19951,0.0033093,0.00075355,-0.0045721,0.0005995,-0.0041927,-0.018723
0.19955,0.0031257,0.00070882,-0.0043554,0.00055862,-0.0039662,-0.017913
0.19958,0.0029501,0.00066622,-0.0041458,0.00051997,-0.0037481,-0.017126
0.19961,0.0027823,0.00062569,-0.0039432,0.00048346,-0.0035384,-0.016362
0.19963,0.002622,0.00058716,-0.0037476,0.00044901,-0.003337,-0.015621
0.19966,0.0024691,0.00055055,-0.0035589,0.00041654,-0.0031437,-0.014903
0.19968,0.0023232,0.0005158,-0.003377,0.00038597,-0.0029585,-0.014207
0.1997,0.0021842,0.00048283,-0.0032018,0.00035721,-0.0027811,-0.013533
0.19973,0.0020519,0.00045159,-0.0030332,0.0003302,-0.0026114,-0.012882
0.19975,0.0019259,0.00042201,-0.0028711,0.00030484,-0.0024493,-0.012252
0.19976,0.0018062,0.00039402,-0.0027155,0.00028107,-0.0022946,-0.011644
0.19978,0.0016925,0.00036756,-0.002566,0.00025882,-0.0021471,-0.011057
0.1998,0.0015845,0.00034256,-0.0024228,0.00023801,-0.0020066,-0.010491
0.19981,0.0014821,0.00031897,-0.0022855,0.00021858,-0.0018731,-0.0099459
0.19983,0.0013851,0.00029673,-0.0021542,0.00020044,-0.0017462,-0.0094211
0.19984,0.0012932,0.00027577,-0.0020285,0.00018355,-0.0016258,-0.0089164
0.19985,0.0012063,0.00025605,-0.0019085,0.00016783,-0.0015117,-0.0084313
0.19987,0.0011241,0.0002375,-0.0017939,0.00015323,-0.0014037,-0.0079656
0.19988,0.0010465,0.00022007,-0.0016847,0.00013968,-0.0013016,-0.0075188
0.19989,0.00097332,0.00020371,-0.0015806,0.00012712,-0.0012053,-0.0070905
0.1999,0.00090433,0.00018837,-0.0014815,0.0001155,-0.0011144,-0.0066804
0.1999,0.00083935,0.000174,-0.0013872,0.00010476,-0.0010288,-0.006288
0.19991,0.00077822,0.00016055,-0.0012977,9.4858e-05,-0.00094839,-0.0059129
0.19992,0.00072077,0.00014797,-0.0012127,8.5735e-05,-0.00087286,-0.0055547
0.19993,0.00066682,0.00013622,-0.0011322,7.7346e-05,-0.00080203,-0.0052129
0.19993,0.00061622,0.00012526,-0.0010558,6.9644e-05,-0.00073573,-0.0048872
0.19994,0.00056881,0.00011505,-0.00098362,6.2584e-05,-0.00067374,-0.004577
0.19995,0.00052443,0.00010553,-0.00091534,5.6125e-05,-0.00061588,-0.0042819
0.19995,0.00048293,9.6685e-05,-0.00085086,5.0225e-05,-0.00056197,-0.0040015
0.19995,0.00044417,8.8465e-05,-0.00079003,4.4847e-05,-0.0005118,-0.0037353
0.19996,0.00040801,8.0837e-05,-0.00073271,3.9954e-05,-0.00046521,-0.0034828
0.19996,0.00037431,7.3767e-05,-0.00067874,3.5511e-05,-0.000422,-0.0032436
0.19997,0.00034295,6.7221e-05,-0.00062799,3.1484e-05,-0.00038201,-0.0030173
0.19997,0.00031379,6.1168e-05,-0.00058033,2.7843e-05,-0.00034506,-0.0028034
0.19997,0.00028671,5.5579e-05,-0.0005356,2.4558e-05,-0.00031098,-0.0026014
0.19998,0.0002616,5.0423e-05,-0.00049368,2.1601e-05,-0.00027962,-0.002411
0.19998,0.00023835,4.5674e-05,-0.00045445,1.8944e-05,-0.00025081,-0.0022315
0.19998,0.00021684,4.1305e-05,-0.00041776,1.6565e-05,-0.00022441,-0.0020627
0.19998,0.00019697,3.7292e-05,-0.0003835,1.4439e-05,-0.00020025,-0.0019041
0.19998,0.00017864,3.361e-05,-0.00035154,1.2544e-05,-0.00017821,-0.0017553
0.19999,0.00016175,3.0237e-05,-0.00032177,1.086e-05,-0.00015814,-0.0016157
0.19999,0.00014622,2.7153e-05,-0.00029408,9.3678e-06,-0.00013991,-0.0014851
0.19999,0.00013195,2.4336e-05,-0.00026835,8.0497e-06,-0.00012339,-0.001363
0.19999,0.00011887,2.1768e-05,-0.00024447,6.8891e-06,-0.00010846,-0.0012491
0.19999,0.00010689,1.943e-05,-0.00022234,5.8707e-06,-9.5007e-05,-0.0011428
0.19999,9.5937e-05,1.7305e-05,-0.00020187,4.9802e-06,-8.2918e-05,-0.0010439
0.19999,8.594e-05,1.5378e-05,-0.00018296,4.2044e-06,-7.2088e-05,-0.00095198
0.19999,7.6832e-05,1.3633e-05,-0.0001655,3.5313e-06,-6.2415e-05,-0.00086666
0.19999,6.8547e-05,1.2056e-05,-0.00014943,2.9497e-06,-5.3805e-05,-0.0007876
0.2,6.1025e-05,1.0633e-05,-0.00013464,2.4495e-06,-4.6168e-05,-0.00071445
0.2,5.4208e-05,9.353e-06,-0.00012106,2.0213e-06,-3.9419e-05,-0.00064688
0.2,4.8041e-05,8.2029e-06,-0.00010861,1.6566e-06,-3.3479e-05,-0.00058457
0.2,4.2473e-05,7.1723e-06,-9.7223e-05,1.3478e-06,-2.8272e-05,-0.00052721
0.2,3.7457e-05,6.2508e-06,-8.6817e-05,1.0877e-06,-2.3728e-05,-0.0004745
0.2,3.2947e-05,5.4289e-06,-7.7328e-05,8.7015e-07,-1.9782e-05,-0.00042616
0.2,2.8901e-05,4.6979e-06,-6.8693e-05,6.8939e-07,-1.6373e-05,-0.0003819
0.2,2.5279e-05,4.0493e-06,-6.0849e-05,5.4035e-07,-1.3444e-05,-0.00034146
0.2,2.2045e-05,3.4757e-06,-5.374e-05,4.1848e-07,-1.0943e-05,-0.00030458
0.2,1.9163e-05,2.9699e-06,-4.731e-05,3.1974e-07,-8.8207e-06,-0.00027103
0.2,1.6602e-05,2.5253e-06,-4.1509e-05,2.4055e-07,-7.0336e-06,-0.00024056
0.2,1.4331e-05,2.1359e-06,-3.6285e-05,1.7777e-07,-5.5404e-06,-0.00021295
0.2,1.2324e-05,1.7961e-06,-3.1595e-05,1.2864e-07,-4.3039e-06,-0.000188
0.2,1.0555e-05,1.5009e-06,-2.7393e-05,9.0755e-08,-3.29e-06,-0.0001655
0.2,8.9994e-06,1.2455e-06,-2.3641e-05,6.2048e-08,-2.4681e-06,-0.00014526
0.2,7.6362e-06,1.0257e-06,-2.0299e-05,4.0733e-08,-1.8103e-06,-0.0001271
0.2,6.4453e-06,8.3739e-07,-1.7331e-05,2.5295e-08,-1.2917e-06,-0.00011085
0.2,5.4083e-06,6.7712e-07,-1.4705e-05,1.4451e-08,-8.9001e-07,-9.6354e-05
0.2,4.5085e-06,5.4158e-07,-1.239e-05,7.1305e-09,-5.8539e-07,-8.3449e-05
0.2,3.7307e-06,4.2782e-07,-1.0356e-05,2.4507e-09,-3.6038e-07,-7.1996e-05
0.2,3.061e-06,3.3314e-07,-8.5776e-06,-3.0784e-10,-1.9963e-07,-6.1857e-05
0.2,2.4868e-06,2.5511e-07,-7.0292e-06,-1.7208e-09,-8.9792e-08,-5.2907e-05
0.2,1.9969e-06,1.9154e-07,-5.6887e-06,-2.2392e-09,-1.9367e-08,-4.5022e-05
0.2,1.5812e-06,1.4046e-07,-4.5353e-06,-2.2077e-09,2.1454e-08,-3.8091e-05
0.2,1.2306e-06,1.0007e-07,-3.55e-06,-1.8803e-09,4.0923e-08,-3.2005e-05
0.2,9.3717e-07,6.879e-08,-2.716e-06,-1.4358e-09,4.5864e-08,-2.6662e-05
0.2,6.9398e-07,4.5174e-08,-2.0179e-06,-9.9094e-10,4.1801e-08,-2.1967e-05
0.2,4.9499e-07,2.7932e-08,-1.4421e-06,-6.1337e-10,3.3068e-08,-1.7828e-05
0.2,3.3506e-07,1.5899e-08,-9.7666e-07,-3.3271e-10,2.2918e-08,-1.4158e-05
0.2,2.0991e-07,8.0207e-09,-6.1128e-07,-1.5105e-10,1.3614e-08,-1.0872e-05
0.2,1.1611e-07,3.3404e-09,-3.3726e-07,-5.2366e-11,6.5148e-09,-7.8913e-06
0.2,5.0979e-08,9.7899e-10,-1.4749e-07,-1.1229e-11,2.1533e-09,-5.1362e-06
0.2,1.2651e-08,1.2129e-10,-3.64e-08,-7.5622e-13,2.9643e-10,-2.5309e-06
0.2,0,1.2379e-20,0,0,0,-3.9181e-20
